Hour,Traffic_Volume,Average_Speed,Temperature,Humidity,NOx_Emission
0,229,42.7,12.8,64.0,7.0
1,351,72.0,14.9,71.4,10.7
2,321,56.1,15.8,73.5,9.74
3,265,58.8,15.2,65.0,8.22
4,312,49.3,18.2,67.9,9.42
5,384,80.5,17.7,71.7,11.78
6,1310,57.3,23.2,72.3,40.55
7,3550,25.4,21.6,72.9,176.46
8,4083,26.5,24.6,65.3,203.52
9,3891,15.8,23.2,60.7,193.37
10,2349,44.7,28.3,74.2,79.8
11,1704,41.0,27.6,60.5,57.32
12,1979,28.8,27.2,70.2,67.5
13,1883,41.2,24.0,58.7,63.24
14,1819,38.9,24.0,54.1,61.74
15,1590,48.0,28.4,53.7,54.33
16,1555,37.1,27.6,42.2,52.99
17,3779,21.0,24.9,38.9,186.76
18,3818,19.4,22.8,52.1,188.54
19,3221,19.3,18.8,57.7,159.46
20,1249,48.5,24.9,42.4,39.16
21,1129,48.5,18.6,49.2,35.22
22,1436,47.9,17.6,47.3,44.29
23,1232,42.6,17.7,67.1,38.11
0,325,79.7,17.1,64.2,10.02
1,107,75.6,16.3,66.2,3.3
2,478,69.5,18.3,61.7,14.84
3,366,66.8,19.0,65.3,11.26
4,217,49.5,14.5,68.5,6.99
5,231,48.0,21.1,71.2,7.37
6,1145,32.9,22.8,70.4,35.49
7,3293,15.3,19.7,77.1,162.83
8,3444,18.2,26.4,71.4,170.42
9,3360,20.0,25.3,60.5,166.37
10,1585,49.3,26.5,72.4,54.23
11,1336,39.0,24.3,59.5,45.24
12,1921,37.2,24.6,57.7,64.47
13,1699,60.8,26.3,55.1,58.38
14,2013,51.1,28.3,51.3,68.85
15,1980,42.2,27.9,58.3,67.32
16,1817,49.0,23.4,52.3,62.38
17,3288,20.3,23.0,57.2,162.79
18,3605,22.4,19.3,45.5,177.84
19,3968,20.4,21.4,39.2,198.54
20,898,61.8,19.1,51.3,28.06
21,1182,48.5,19.5,53.6,36.82
22,1161,33.5,21.1,48.9,35.61
23,1077,60.2,18.4,66.2,33.91
0,179,48.1,13.9,63.6,5.77
1,354,66.4,15.0,69.5,11.02
2,309,67.7,17.7,68.0,9.58
3,309,55.8,20.1,78.2,9.26
4,345,81.5,19.0,64.4,10.69
5,314,79.4,20.3,65.1,9.61
6,1622,53.0,24.2,63.2,49.97
7,3624,22.3,25.5,61.0,179.05
8,3840,12.8,28.4,75.8,189.18
9,3778,24.3,29.6,66.0,186.69
10,2246,49.8,27.3,54.2,75.81
11,1272,48.1,26.3,66.1,43.56
12,1450,49.0,31.0,51.8,48.73
13,1567,42.2,30.8,62.5,53.89
14,2072,34.9,24.9,62.7,69.94
15,1842,50.9,24.0,66.1,63.06
16,1679,41.1,24.4,48.9,56.22
17,3561,19.1,23.8,49.7,175.49
18,3198,27.4,19.7,56.1,158.73
19,3335,19.2,21.8,48.6,164.1
20,971,53.6,19.7,44.1,29.73
21,1120,48.5,17.6,64.0,34.98
22,1245,57.2,18.7,59.1,38.46
23,1264,51.2,19.4,51.0,39.36
0,220,64.8,15.6,63.2,6.75
1,380,58.1,19.0,69.1,11.77
2,366,61.0,17.5,65.6,11.3
3,234,54.2,17.0,67.9,7.34
4,470,66.5,17.9,68.9,14.35
5,167,69.4,19.6,70.8,5.22
6,1055,48.8,21.6,64.2,32.78
7,4038,24.6,24.1,70.3,199.17
8,4090,25.5,24.2,69.8,202.34
9,3709,22.1,29.1,66.1,184.93
10,1568,39.6,25.6,62.2,53.75
11,1797,41.5,27.4,60.0,61.48
12,1628,51.3,26.9,61.2,55.33
13,1549,29.9,26.0,61.3,52.98
14,1771,39.3,27.7,49.9,60.51
15,1571,44.7,23.5,57.6,53.43
16,1447,38.7,25.3,59.1,48.84
17,3733,14.4,23.5,50.3,185.41
18,3848,15.8,21.4,54.8,191.07
19,4038,21.6,22.3,48.3,199.97
20,1037,42.3,19.2,49.7,32.32
21,1526,41.4,19.4,49.3,47.55
22,1150,46.4,18.6,56.7,35.34
23,1331,42.4,15.1,56.0,41.22
0,412,50.7,17.8,64.6,12.89
1,197,65.9,18.5,64.2,6.02
2,349,79.0,15.6,59.5,11.06
3,263,78.9,19.7,67.1,7.94
4,318,71.3,20.5,63.0,9.75
5,393,84.3,18.9,75.7,12.26
6,923,39.6,21.1,71.8,28.2
7,3065,24.4,26.0,69.0,150.92
8,3487,24.1,21.3,66.5,172.47
9,3393,10.8,26.4,65.3,169.06
10,1904,39.3,28.4,56.4,64.93
11,2090,35.3,27.1,65.5,70.97
12,1732,36.5,24.8,60.6,59.21
13,1744,28.0,27.4,55.6,59.73
14,1762,31.7,28.4,45.0,59.38
15,1974,41.9,27.2,55.0,66.7
16,1699,49.8,24.5,51.5,57.83
17,3940,22.3,21.7,54.6,195.39
18,3838,21.1,20.9,47.9,189.73
19,3429,24.6,22.5,47.2,169.08
20,924,45.3,20.0,45.6,28.33
21,1449,45.7,20.8,54.4,44.23
22,985,40.4,18.1,54.9,30.8
23,1018,49.0,16.3,65.2,31.58
0,167,55.1,17.1,51.1,5.08
1,292,50.9,16.4,62.3,9.23
2,355,66.5,17.4,63.0,10.82
3,187,71.1,20.7,70.1,5.76
4,199,69.6,20.7,66.5,6.34
5,237,81.8,23.7,66.8,7.3
6,894,50.3,19.2,73.7,27.57
7,3504,18.2,20.6,68.5,172.26
8,3524,24.4,20.5,74.8,174.81
9,2759,17.0,27.6,69.4,136.01
10,1993,44.8,28.8,65.1,67.04
11,2563,51.4,30.4,62.6,87.8
12,1595,37.9,25.7,69.1,54.07
13,1764,41.6,28.4,57.6,59.62
14,1656,38.3,24.9,51.0,56.33
15,1885,37.8,27.1,41.6,64.27
16,1264,30.9,26.4,45.2,43.19
17,3489,24.0,24.4,41.2,172.74
18,3390,10.6,21.2,55.2,167.88
19,3178,18.5,21.7,43.4,157.99
20,1373,50.3,17.7,50.9,42.34
21,1355,59.0,19.6,51.6,41.54
22,1176,47.4,17.5,48.2,36.63
23,1235,63.4,17.1,56.1,38.43
0,282,72.0,15.4,60.8,8.74
1,293,62.1,17.2,62.2,9.07
2,511,66.4,18.0,64.6,15.9
3,261,58.3,17.9,70.4,7.78
4,260,60.1,18.4,70.9,8.06
5,189,65.5,21.0,71.8,5.61
6,1124,37.5,22.6,72.8,34.31
7,2790,11.5,25.2,69.9,137.91
8,3516,18.9,25.1,74.8,173.86
9,3040,20.5,24.2,60.2,149.29
10,2120,35.5,24.0,57.6,72.3
11,1565,50.4,24.9,68.7,53.06
12,1500,25.2,26.2,60.0,51.0
13,1354,40.8,26.5,60.0,46.25
14,2374,36.4,24.3,50.8,80.89
15,2012,36.0,23.1,42.3,68.15
16,1527,35.2,27.0,46.5,52.06
17,3388,16.6,20.5,58.2,167.58
18,3364,16.9,21.9,46.5,166.55
19,3539,17.8,18.9,57.4,175.65
20,1527,54.4,17.3,54.3,47.07
21,1450,49.2,19.2,55.1,45.02
22,1674,61.9,19.2,52.9,51.74
23,1478,47.1,18.0,61.7,45.08
0,301,57.7,17.9,60.7,9.39
1,439,45.2,17.2,59.0,13.57
2,446,52.9,19.6,54.4,13.84
3,401,60.7,22.6,66.6,12.26
4,414,77.7,19.0,67.7,12.98
5,454,70.5,25.5,69.0,13.98
6,1438,48.3,26.9,83.9,44.22
7,2892,29.3,23.0,70.4,143.99
8,3683,19.3,30.2,63.0,183.92
9,3331,17.9,25.4,62.4,165.89
10,1682,40.8,29.0,66.6,57.03
11,2065,44.0,29.2,66.7,70.14
12,2366,32.1,29.2,62.7,81.66
13,1636,44.5,24.6,53.1,55.3
14,1697,32.9,28.2,64.8,58.02
15,1981,45.9,29.2,55.1,67.13
16,1760,34.3,26.1,45.8,59.69
17,3154,18.2,22.2,52.5,155.53
18,3500,21.1,23.7,48.8,173.12
19,3288,10.0,19.6,53.2,163.14
20,1239,35.9,19.9,51.9,38.62
21,1114,55.8,18.4,49.0,33.62
22,1407,56.2,17.4,49.1,43.74
23,946,56.2,15.7,61.7,29.35
0,398,66.0,17.5,72.3,12.58
1,466,71.4,15.3,58.5,14.34
2,220,67.7,18.6,73.4,6.61
3,324,46.3,18.0,65.6,10.51
4,398,67.4,18.6,69.0,12.04
5,198,85.1,20.6,76.3,6.1
6,1180,57.7,21.8,75.5,36.26
7,4564,31.5,25.3,70.8,225.56
8,3102,17.0,22.1,78.1,152.74
9,3933,19.1,29.2,71.3,194.36
10,1662,26.6,28.0,71.3,57.21
11,1614,34.1,27.7,62.8,54.64
12,2153,47.2,22.9,58.5,72.46
13,2083,39.4,26.2,49.5,71.19
14,1375,37.3,31.0,57.7,46.35
15,2126,31.8,22.6,48.7,72.78
16,1703,29.0,24.5,54.8,58.16
17,3278,23.9,25.4,46.9,162.47
18,3028,11.5,21.9,45.4,149.45
19,3454,23.2,18.7,46.9,170.65
20,1278,56.2,21.6,50.6,39.99
21,1483,48.0,18.3,55.1,45.78
22,1054,59.6,20.3,61.3,32.3
23,1266,65.5,15.9,69.5,39.23
0,409,78.5,16.0,51.4,12.82
1,358,71.5,15.7,62.3,10.66
2,315,71.9,17.8,68.4,9.76
3,300,70.2,19.7,66.3,9.08
4,386,60.5,20.7,73.8,11.63
5,371,58.4,20.3,58.4,11.33
6,1095,53.1,20.2,70.7,33.8
7,3624,11.7,22.0,65.5,180.03
8,3751,17.8,26.6,61.0,184.51
9,3079,16.3,24.7,67.1,152.12
10,2055,53.2,21.8,77.4,69.49
11,1745,33.9,24.0,68.8,59.73
12,1622,42.6,28.6,64.4,55.03
13,1982,45.5,25.6,57.7,67.31
14,1999,44.2,27.7,62.3,67.76
15,2156,25.5,25.6,57.6,73.93
16,1677,44.3,23.2,54.8,57.14
17,3320,15.3,25.8,50.5,163.49
18,3534,15.2,20.7,49.3,176.06
19,2864,22.7,16.5,54.6,141.75
20,1277,41.9,20.1,49.0,39.67
21,1035,55.3,19.1,52.3,31.95
22,1092,48.1,20.5,56.5,33.56
23,668,50.6,13.3,46.1,20.8
0,482,62.0,20.2,60.0,15.08
1,465,73.5,17.1,60.0,14.18
2,281,61.1,20.0,64.5,8.77
3,286,70.3,17.6,64.9,8.96
4,288,55.0,20.7,72.2,9.13
5,212,63.9,18.8,63.7,6.75
6,1238,53.0,22.3,67.5,38.08
7,3633,18.3,23.2,65.9,180.31
8,4194,20.3,26.4,64.2,207.85
9,3430,24.7,27.2,65.0,169.95
10,2283,44.0,26.0,74.4,77.62
11,1893,23.7,26.9,64.9,63.78
12,2478,23.4,25.1,61.1,84.53
13,1460,23.5,28.4,58.1,49.96
14,1386,22.6,25.1,51.4,46.46
15,1855,38.5,28.4,47.8,63.3
16,1896,48.8,26.4,44.5,63.96
17,3165,20.7,25.2,64.4,156.61
18,3371,23.6,22.6,47.1,166.76
19,3486,13.7,19.0,51.7,172.58
20,1232,58.7,18.5,52.0,38.12
21,1084,48.1,19.9,60.3,33.99
22,1155,53.8,17.5,66.4,35.83
23,1425,50.0,17.3,64.7,44.5
0,381,58.4,17.0,54.8,11.96
1,204,81.6,19.0,61.4,6.33
2,342,48.2,19.3,71.6,10.6
3,314,69.1,17.9,68.0,9.6
4,315,60.5,20.2,69.1,9.94
5,185,74.7,19.8,65.5,5.74
6,1213,47.8,19.3,71.8,37.28
7,3897,17.2,22.8,75.9,192.38
8,4253,19.1,22.3,67.1,210.92
9,3014,19.2,27.1,72.1,149.7
10,1880,40.4,28.5,65.4,64.07
11,1629,24.7,26.3,66.0,55.81
12,1441,37.6,26.7,57.5,49.47
13,1721,45.3,25.4,57.2,58.16
14,1953,31.7,24.4,51.7,65.94
15,1486,46.5,30.4,54.9,50.82
16,1598,38.5,23.9,58.5,54.48
17,3883,19.9,22.3,47.4,191.87
18,3683,18.1,20.6,49.3,181.96
19,3110,16.9,20.7,46.7,154.06
20,1029,64.6,21.1,50.6,31.75
21,1489,55.3,15.4,61.5,45.66
22,1410,43.2,15.9,55.0,43.94
23,1347,56.1,17.3,54.7,41.57
0,403,63.3,17.8,58.5,12.69
1,213,72.1,16.9,64.6,6.54
2,476,48.5,17.0,71.4,14.74
3,408,84.5,17.9,52.3,12.74
4,367,70.7,21.2,60.4,11.43
5,203,62.1,23.4,67.2,6.22
6,1351,52.3,21.2,67.1,41.44
7,2743,18.9,27.7,66.2,135.6
8,3388,20.1,20.6,73.3,168.72
9,2746,18.8,25.4,69.9,135.68
10,2431,34.4,23.2,65.1,83.21
11,1722,40.7,29.0,57.5,59.23
12,1967,39.8,27.9,58.7,66.46
13,1190,34.4,23.4,57.4,41.06
14,1073,30.4,24.1,59.3,37.04
15,1678,45.2,26.2,55.0,56.5
16,2134,34.5,22.0,51.5,72.63
17,3170,19.7,23.1,59.6,156.94
18,3028,21.9,22.2,43.5,150.26
19,3064,20.7,21.7,44.0,151.04
20,1180,36.3,18.2,48.0,36.5
21,1390,71.1,15.5,49.3,43.25
22,1235,63.4,17.5,49.4,38.14
23,1193,41.3,22.7,54.8,37.38
0,174,84.9,18.2,62.9,5.42
1,251,58.8,17.9,55.3,7.99
2,327,81.9,16.2,71.6,10.06
3,298,64.7,18.0,63.6,9.52
4,395,59.7,21.2,69.9,12.39
5,289,47.5,22.5,68.4,8.9
6,1183,48.3,22.5,70.0,37.09
7,3918,18.1,25.0,68.7,193.11
8,3325,18.6,24.9,70.6,165.04
9,4034,13.4,25.8,62.1,201.04
10,1459,39.4,26.3,62.4,49.78
11,1622,47.2,25.2,62.8,55.24
12,1803,44.4,26.3,57.7,61.09
13,1740,37.1,26.7,56.2,59.44
14,2436,29.4,24.9,65.7,83.27
15,2136,40.6,25.2,47.1,73.55
16,1540,43.6,26.0,57.4,51.99
17,3542,16.8,24.7,51.0,175.41
18,4092,22.3,24.4,51.2,203.79
19,3486,24.4,23.0,55.9,172.77
20,1358,63.2,20.1,55.1,42.3
21,1159,32.3,15.3,55.1,36.18
22,1447,50.1,19.3,54.0,44.98
23,862,49.4,13.5,65.3,26.62
0,155,59.7,16.1,67.7,4.62
1,123,53.1,18.6,51.6,3.78
2,416,55.7,16.1,69.3,12.96
3,224,64.4,20.3,68.9,6.9
4,283,75.3,19.7,77.8,8.71
5,178,55.9,19.6,62.9,5.86
6,1105,56.2,21.4,67.7,34.49
7,3532,22.5,24.0,76.3,174.3
8,3572,23.9,27.9,68.4,177.38
9,4065,21.7,26.9,65.7,201.37
10,2169,36.8,21.9,63.1,74.08
11,1654,43.7,25.3,63.2,56.14
12,1582,39.6,29.0,61.2,53.84
13,2066,40.7,26.0,61.9,69.85
14,1983,38.4,29.2,55.7,67.47
15,1928,29.6,25.5,52.0,65.35
16,2515,41.7,27.0,48.3,84.96
17,4050,21.7,21.1,57.0,201.86
18,3683,18.0,22.5,51.1,182.17
19,4242,17.6,24.7,44.0,207.56
20,1218,49.3,21.6,50.7,37.7
21,1661,54.1,20.9,53.9,50.94
22,1354,51.5,15.7,52.2,41.65
23,1130,53.3,17.9,58.3,34.82
0,188,52.7,20.2,62.6,5.74
1,323,47.1,14.5,64.5,9.97
2,315,68.9,17.7,58.3,9.8
3,270,70.0,20.3,75.2,8.32
4,210,69.0,17.3,67.7,6.5
5,516,57.8,20.6,71.2,16.52
6,914,52.5,22.1,67.3,28.47
7,3649,23.4,19.1,71.2,181.26
8,3701,17.8,22.9,66.3,183.5
9,3227,17.1,24.1,71.9,160.44
10,1859,53.4,29.8,70.7,63.1
11,2044,24.8,25.4,69.9,69.16
12,2098,44.1,30.2,53.0,71.93
13,1833,31.7,24.3,53.1,62.87
14,1613,58.2,26.5,50.7,55.4
15,1785,35.5,28.5,52.9,61.64
16,1947,35.4,24.9,49.9,66.55
17,3304,22.9,23.8,46.7,162.44
18,4323,20.7,22.0,54.7,213.06
19,3212,18.3,23.3,49.5,159.13
20,1001,37.9,16.9,40.3,30.92
21,1414,27.8,19.8,52.6,43.9
22,1351,55.8,16.5,50.5,41.78
23,1463,46.1,17.1,53.5,45.63
0,118,79.3,18.4,62.1,3.7
1,439,75.4,19.0,57.6,13.47
2,358,59.7,15.9,61.7,11.13
3,386,54.0,16.5,76.1,12.25
4,283,37.9,24.2,60.9,8.84
5,360,44.5,21.6,66.6,11.11
6,956,60.5,24.8,70.2,29.86
7,3810,17.3,22.1,72.3,187.56
8,2741,16.8,24.3,67.9,134.44
9,3396,9.8,26.2,76.0,166.76
10,1789,40.7,26.9,64.5,61.05
11,1904,28.6,26.9,66.3,64.75
12,1552,40.9,25.2,57.3,52.4
13,1755,51.6,27.4,55.9,60.62
14,2073,38.7,26.8,63.1,70.66
15,1881,38.0,23.9,55.6,63.61
16,2443,47.5,22.4,60.6,83.22
17,3653,21.3,21.0,50.9,179.97
18,3820,19.5,18.9,50.0,188.19
19,3000,11.9,21.5,50.5,147.16
20,1217,46.6,21.1,44.2,37.64
21,1473,40.1,18.4,47.8,45.47
22,1105,43.5,18.5,47.7,34.28
23,1527,54.1,16.0,65.3,47.29
0,297,54.6,16.7,65.3,9.26
1,265,66.3,17.1,64.8,8.13
2,170,76.9,19.5,72.0,5.26
3,340,52.6,20.5,76.6,10.6
4,352,53.2,21.3,74.1,11.03
5,310,52.1,20.6,75.1,9.82
6,1052,54.4,20.7,70.6,32.62
7,3806,16.6,20.8,75.0,189.68
8,2915,18.6,23.7,71.2,144.69
9,3378,24.5,23.7,67.8,166.52
10,1829,51.4,26.2,68.9,61.81
11,1238,45.6,24.0,63.3,41.75
12,1769,31.1,28.0,64.2,60.3
13,1935,40.3,23.2,51.7,66.28
14,1307,46.3,28.4,53.2,45.16
15,1850,23.9,26.4,51.2,62.91
16,1522,39.4,24.9,46.2,51.62
17,3290,27.1,23.8,53.2,164.74
18,3567,26.1,20.7,56.6,176.18
19,4139,22.9,21.4,45.8,206.13
20,1499,51.9,16.7,53.4,45.84
21,1246,45.0,18.4,54.0,38.77
22,1391,61.6,18.2,59.1,43.31
23,930,39.1,18.4,62.1,28.83
0,410,63.8,17.0,56.5,12.61
1,329,59.6,21.0,53.9,10.02
2,266,71.2,16.6,60.8,8.34
3,295,72.4,17.9,60.8,9.42
4,292,71.8,21.2,75.8,8.69
5,160,85.4,20.4,67.5,5.0
6,1063,33.5,17.6,70.8,32.35
7,3641,28.7,21.5,67.0,179.7
8,3310,23.5,25.9,59.0,163.66
9,3608,20.3,28.8,70.0,177.79
10,1148,45.5,29.9,59.1,38.96
11,1971,43.5,28.0,68.0,67.09
12,1723,40.3,25.1,64.0,58.24
13,1827,43.1,24.9,59.3,61.93
14,1841,28.0,30.6,57.3,62.73
15,1875,34.2,25.2,45.3,63.91
16,1927,39.6,26.5,66.2,65.05
17,3219,22.5,23.5,44.1,159.17
18,4126,30.3,21.8,48.6,203.12
19,4278,16.3,18.8,61.0,212.24
20,1371,60.0,18.1,49.2,41.82
21,1386,44.4,19.3,58.7,43.22
22,1434,43.2,17.2,58.0,44.65
23,1313,48.2,13.6,59.9,40.5
0,263,58.2,16.2,61.1,8.14
1,333,72.4,17.7,63.6,10.24
2,352,62.4,17.5,67.4,11.06
3,-19,71.0,13.2,66.3,0.0
4,213,75.4,22.0,71.0,6.48
5,184,71.4,23.5,72.5,5.48
6,1137,32.2,23.6,64.6,34.82
7,3821,13.3,21.4,74.6,188.6
8,2879,16.1,23.0,72.6,141.73
9,3364,19.9,26.0,65.7,166.78
10,1457,44.4,26.4,72.3,49.7
11,1847,26.6,29.2,67.2,62.9
12,1814,30.5,27.3,62.4,62.18
13,1622,35.1,28.6,68.4,54.88
14,1917,33.2,28.0,60.3,65.53
15,1449,26.0,27.0,54.4,49.15
16,1858,55.6,22.0,53.2,63.88
17,3706,18.2,25.8,46.4,183.92
18,2589,27.3,18.3,52.7,129.13
19,3286,15.9,22.4,47.4,161.51
20,1086,43.6,23.2,44.3,33.51
21,1184,52.0,18.1,48.9,36.71
22,1333,51.7,19.6,57.2,41.7
23,1490,46.4,18.0,56.8,45.64
0,308,54.1,13.9,63.5,9.45
1,304,38.4,16.7,67.1,9.56
2,258,61.1,21.7,54.8,7.94
3,287,68.9,18.4,68.7,8.9
4,364,76.4,19.1,72.6,11.42
5,167,61.0,21.0,68.0,5.19
6,1316,46.2,23.0,68.9,41.02
7,3637,25.1,24.3,59.3,178.82
8,3754,20.3,25.6,60.4,185.8
9,3319,26.2,27.8,65.8,164.11
10,2018,33.4,23.5,60.9,68.46
11,1752,35.2,25.2,69.3,59.73
12,1755,38.5,24.5,59.0,59.34
13,1631,43.3,26.4,46.0,55.81
14,1697,29.3,25.8,49.8,57.62
15,1560,32.6,27.5,52.8,53.41
16,1811,45.7,25.2,51.4,61.68
17,3526,18.5,23.7,55.9,174.25
18,3521,20.0,21.7,53.9,173.96
19,3061,18.9,22.7,62.3,151.4
20,1107,36.8,16.7,50.9,34.17
21,1118,59.4,18.3,39.2,34.07
22,1450,37.8,19.2,56.9,44.72
23,966,50.5,16.6,57.9,29.85
0,401,59.7,15.9,64.5,12.58
1,460,58.7,18.2,62.9,13.81
2,425,59.3,17.4,58.8,13.03
3,402,58.2,15.1,70.3,12.37
4,460,51.9,20.8,67.5,14.33
5,415,60.8,18.2,69.8,12.9
6,1447,49.9,20.3,70.1,45.13
7,2901,19.1,20.2,72.6,143.95
8,4360,19.7,25.5,67.5,214.41
9,3137,19.1,25.5,67.9,156.6
10,1964,42.2,24.0,60.6,67.06
11,2121,61.3,25.2,59.4,72.82
12,1797,39.5,28.1,61.4,61.57
13,1288,35.9,27.2,52.5,43.72
14,2096,36.3,25.5,56.5,71.68
15,1608,35.8,26.5,59.8,55.42
16,1797,48.8,20.7,54.1,61.78
17,2646,18.7,25.5,51.8,132.22
18,3789,19.4,17.4,53.1,186.97
19,3587,19.6,16.7,42.0,177.86
20,1220,54.1,19.7,52.2,37.58
21,1089,39.6,20.7,48.6,33.38
22,1082,50.6,21.2,52.2,33.28
23,1386,44.7,18.9,53.6,43.07
0,62,65.3,15.9,69.8,1.92
1,186,60.7,21.1,64.2,5.64
2,234,62.2,17.5,60.0,7.34
3,335,74.9,12.5,64.2,10.41
4,139,75.2,18.1,64.3,4.32
5,449,61.0,17.2,74.0,13.54
6,1222,52.1,19.0,74.9,37.06
7,3062,17.9,23.0,70.1,151.96
8,3460,10.9,24.4,66.0,172.51
9,2797,25.8,23.4,68.6,138.27
10,2707,39.6,25.1,65.9,93.39
11,1660,46.4,24.7,63.4,56.74
12,1239,40.2,30.8,58.2,42.26
13,2261,26.8,28.6,62.7,76.32
14,1860,27.6,25.8,57.9,62.96
15,1692,22.4,28.1,50.4,57.57
16,1250,37.9,23.4,56.4,42.28
17,3342,17.9,24.3,46.9,164.76
18,3223,19.6,22.8,53.2,159.26
19,3005,20.5,24.3,52.5,149.48
20,1112,53.3,21.1,53.9,34.7
21,1393,49.8,21.1,49.5,42.94
22,965,55.7,17.1,50.7,30.09
23,1136,51.5,17.5,57.3,35.03
0,402,53.6,14.4,51.1,12.11
1,277,67.2,13.6,58.2,8.48
2,241,61.5,15.1,73.7,7.44
3,398,69.2,22.4,65.0,12.36
4,419,59.8,16.7,72.3,12.95
5,400,57.5,23.0,68.6,12.25
6,1085,54.4,19.4,69.7,33.7
7,4040,22.7,25.3,67.8,200.28
8,3482,20.4,27.5,61.5,171.76
9,4194,25.5,25.0,63.2,209.5
10,1852,25.8,27.1,60.1,63.05
11,2122,37.2,22.0,53.9,73.3
12,1718,51.9,27.6,62.6,57.65
13,2105,32.1,24.8,62.5,71.48
14,1698,42.0,27.8,66.1,57.82
15,1387,19.6,24.1,56.5,46.97
16,1760,45.7,23.0,52.9,59.7
17,3919,19.1,25.0,55.4,195.58
18,3758,20.3,18.0,52.0,186.93
19,3262,14.3,21.0,56.3,162.38
20,1072,65.8,22.5,54.8,33.41
21,1281,40.6,21.0,51.0,39.86
22,832,58.9,18.0,50.8,25.74
23,1016,46.4,15.0,55.8,31.72
0,266,64.8,18.4,58.7,8.45
1,359,75.7,17.7,60.5,11.25
2,220,70.9,16.3,63.2,6.72
3,462,67.7,16.0,64.2,14.68
4,314,55.4,19.8,73.4,9.81
5,288,57.2,23.3,71.2,8.89
6,1256,44.9,21.4,70.1,38.51
7,2866,11.2,23.3,67.6,141.58
8,3542,18.7,24.2,65.4,175.82
9,3605,16.1,23.8,60.5,177.97
10,2199,36.3,26.7,65.8,74.49
11,1969,45.1,24.2,65.8,67.6
12,1722,52.8,28.6,47.9,58.37
13,2023,46.0,25.5,67.9,68.45
14,1872,60.0,25.5,55.1,63.96
15,1719,35.0,27.0,54.3,58.82
16,1893,39.1,26.6,54.2,64.45
17,3786,17.0,22.3,51.6,187.72
18,3804,20.0,22.2,47.4,188.89
19,3433,5.3,23.0,47.3,168.73
20,1078,41.1,19.6,48.7,33.5
21,1231,59.7,20.1,49.2,38.06
22,1143,36.9,17.8,44.3,35.11
23,1429,51.1,16.8,62.3,43.8
0,478,52.1,16.8,52.5,14.54
1,285,76.3,17.6,64.0,8.97
2,208,82.8,17.2,71.6,6.41
3,438,44.8,16.8,65.8,13.46
4,181,43.7,19.9,69.8,5.72
5,85,63.2,19.4,77.9,2.74
6,1153,43.0,23.0,66.8,35.78
7,3628,20.7,23.9,70.0,180.75
8,4126,24.5,26.9,68.5,202.97
9,3113,25.7,24.6,66.6,153.36
10,2056,30.1,29.6,65.7,70.65
11,1972,44.7,27.1,66.5,67.84
12,1826,36.0,27.1,58.8,62.9
13,2459,35.4,28.2,42.6,84.05
14,2063,45.8,28.4,48.6,69.49
15,1691,34.2,27.3,58.7,57.62
16,1770,36.5,23.5,52.2,59.7
17,3989,22.1,24.6,46.5,198.45
18,3802,5.5,18.6,49.9,187.9
19,3256,17.0,21.2,49.5,162.02
20,1178,39.1,16.8,51.2,36.3
21,1304,52.9,20.3,58.5,40.45
22,904,75.1,14.5,50.3,28.07
23,462,52.3,18.1,60.3,14.24
0,349,56.7,18.8,50.2,10.92
1,601,53.3,19.7,61.9,18.54
2,125,80.5,16.4,73.8,4.04
3,347,73.7,18.8,68.4,10.62
4,244,71.7,18.3,63.9,7.52
5,380,73.7,18.6,71.5,11.48
6,815,37.7,22.6,63.2,25.45
7,3350,19.5,22.6,76.4,166.23
8,3096,16.8,26.1,68.3,153.51
9,4028,12.6,26.4,61.5,197.94
10,1684,42.2,25.3,62.6,57.32
11,1926,58.9,26.6,63.4,65.41
12,1422,42.2,30.1,62.0,48.35
13,1650,45.6,23.5,52.6,55.69
14,2029,37.0,24.7,55.4,69.54
15,1956,37.8,26.8,52.6,66.63
16,1441,42.9,26.8,59.9,48.94
17,3393,18.6,20.9,50.4,167.24
18,3546,21.4,21.7,46.4,175.42
19,2976,24.0,18.8,58.9,146.44
20,1226,56.5,18.3,54.0,38.23
21,1358,48.1,18.4,45.4,42.02
22,1390,32.5,19.1,62.2,42.67
23,1152,55.5,16.0,57.8,35.49
0,362,47.4,15.1,59.9,10.99
1,275,59.5,17.2,62.3,8.65
2,211,82.5,22.0,69.2,6.72
3,338,68.3,17.5,69.1,10.56
4,283,70.6,20.1,64.6,8.91
5,300,71.0,18.7,69.5,9.17
6,982,38.9,23.1,67.2,31.14
7,3231,27.2,26.4,69.3,162.71
8,3565,17.7,25.6,60.9,175.23
9,3197,27.2,26.5,71.0,158.68
10,1540,53.6,27.0,60.7,52.27
11,1600,49.6,26.9,57.1,53.86
12,2780,38.6,25.6,63.6,94.83
13,1637,48.5,28.3,58.2,55.74
14,1482,47.5,21.0,49.8,50.41
15,1803,35.1,27.4,58.0,61.38
16,2108,41.7,21.8,51.9,71.73
17,3844,15.5,24.2,45.8,189.98
18,3851,16.5,22.4,46.0,190.21
19,3437,20.7,18.3,52.7,170.98
20,1085,52.5,18.0,56.9,33.82
21,1392,48.4,18.5,59.6,42.62
22,1205,55.3,16.8,61.3,37.22
23,1206,55.8,16.5,59.1,37.45
0,421,70.5,17.7,60.8,13.2
1,463,68.1,17.2,59.7,14.27
2,230,70.1,19.6,60.0,7.16
3,336,63.1,20.2,67.5,10.35
4,368,70.9,14.6,71.6,11.4
5,226,64.9,22.0,75.3,7.11
6,978,49.5,22.0,68.2,30.06
7,4004,21.4,22.5,69.9,198.69
8,4046,20.3,25.4,74.0,200.32
9,3249,28.5,29.2,63.0,160.9
10,1414,30.3,25.4,68.1,47.64
11,2517,41.0,25.5,60.7,86.01
12,2026,36.2,25.8,54.9,68.38
13,1648,31.0,24.6,53.2,56.43
14,2002,39.0,25.5,54.5,67.69
15,1625,43.2,28.0,48.7,54.96
16,2010,48.5,23.8,54.7,67.7
17,3486,17.7,24.0,46.0,172.02
18,4012,22.9,20.6,48.0,196.57
19,3735,24.5,17.7,47.4,185.36
20,1399,35.5,21.6,47.3,43.44
21,1166,65.9,18.0,51.2,36.18
22,1147,61.1,14.3,60.2,35.29
23,938,41.4,21.4,50.7,29.49
0,205,59.5,19.3,58.5,6.49
1,351,76.4,15.8,62.6,10.87
2,464,63.0,13.3,64.8,14.21
3,311,65.3,20.6,78.9,9.53
4,468,81.7,16.6,66.4,14.69
5,221,76.6,20.2,77.0,6.66
6,1332,41.1,21.5,76.5,40.71
7,3473,30.6,25.0,79.3,171.42
8,3627,22.7,23.4,70.4,180.63
9,3646,21.4,22.8,63.0,179.46
10,1984,45.4,27.9,67.4,67.33
11,1920,49.6,23.3,63.7,65.44
12,2078,36.5,29.4,58.3,70.66
13,1238,35.7,26.1,54.3,42.11
14,1862,33.5,25.4,55.2,63.66
15,1794,38.9,26.4,49.5,61.58
16,2115,49.2,25.3,52.4,71.9
17,3407,23.6,20.9,55.4,167.95
18,3410,27.2,18.7,41.6,167.05
19,3787,20.5,20.7,52.5,187.46
20,1380,61.1,17.7,55.5,42.81
21,988,52.5,19.3,44.0,30.42
22,1245,41.4,19.0,63.7,38.05
23,1305,61.1,17.6,53.1,40.12
0,412,72.9,15.3,69.3,12.82
1,237,85.8,16.8,58.8,7.62
2,214,73.7,18.5,67.5,6.68
3,183,50.8,18.8,57.9,5.53
4,322,63.8,19.1,77.2,9.99
5,207,59.5,18.9,66.6,6.48
6,1380,52.0,23.0,71.9,42.77
7,3392,18.1,27.4,72.4,166.96
8,4076,19.3,26.1,66.8,201.98
9,3525,14.5,21.3,70.2,175.0
10,1779,43.9,24.9,63.2,60.62
11,1928,34.6,22.8,54.3,65.85
12,2129,45.4,28.1,57.8,72.56
13,1884,44.2,31.3,68.0,63.48
14,1735,42.6,26.0,58.5,59.49
15,1997,41.9,23.6,57.8,68.31
16,2179,31.3,24.0,53.2,74.39
17,2890,20.3,21.6,55.4,144.33
18,2845,11.3,21.6,65.1,139.75
19,2697,30.3,20.2,45.6,133.85
20,1483,42.7,20.8,54.8,46.14
21,1759,43.8,19.5,46.6,53.78
22,1062,69.9,15.8,57.0,32.4
23,1067,45.8,14.1,63.8,32.66
0,334,52.1,16.8,54.2,10.45
1,211,71.5,18.5,65.7,6.62
2,220,78.8,16.0,61.0,6.94
3,109,57.5,19.0,56.9,3.31
4,457,75.3,18.4,65.7,14.18
5,230,74.0,20.0,66.3,7.03
6,1425,52.6,22.5,72.2,44.26
7,3461,18.1,28.2,69.4,171.1
8,3774,20.0,24.4,61.4,186.29
9,3600,19.8,23.0,66.1,178.28
10,1948,32.4,27.4,68.4,65.77
11,1794,41.9,28.8,74.4,60.8
12,1507,26.0,28.6,60.7,50.97
13,1679,26.5,25.0,69.1,57.38
14,1914,51.0,26.0,49.6,65.43
15,1949,53.8,26.4,48.2,67.14
16,1713,29.6,24.1,50.5,58.3
17,3554,21.9,23.7,52.8,175.69
18,3186,25.0,24.0,57.8,156.85
19,3636,29.5,20.6,50.5,180.2
20,1048,45.6,19.0,56.6,32.72
21,1049,56.5,20.3,49.1,32.37
22,1004,47.4,13.9,44.7,31.26
23,1206,54.6,19.0,52.6,36.9
0,329,65.3,16.5,53.3,10.11
1,246,56.7,17.6,63.8,7.71
2,446,61.9,18.3,60.9,13.67
3,94,55.6,17.0,55.8,2.78
4,423,74.8,17.1,68.0,13.25
5,522,65.0,22.7,63.6,16.15
6,1228,51.6,23.0,61.4,38.26
7,3586,20.6,22.0,63.2,178.84
8,3518,24.2,27.2,77.8,175.36
9,3294,15.5,24.8,73.4,163.83
10,1909,32.8,26.6,67.0,65.59
11,932,49.2,25.5,71.1,31.62
12,1986,44.7,26.0,63.1,68.01
13,2071,40.0,27.6,54.9,70.37
14,2072,43.2,28.7,51.7,70.51
15,2194,30.6,28.9,51.9,74.54
16,1657,31.2,23.3,45.1,56.24
17,3955,18.4,26.5,48.2,195.6
18,3642,17.3,23.9,52.4,181.16
19,3889,19.9,19.2,39.2,191.31
20,1114,49.9,20.9,54.5,34.22
21,1222,46.7,16.8,54.6,37.78
22,1289,56.1,16.0,51.8,39.87
23,1187,56.9,16.9,50.0,36.46
0,359,62.9,17.1,64.0,11.34
1,241,88.4,20.7,68.6,7.38
2,136,63.5,15.2,66.1,4.21
3,294,71.0,18.7,77.2,9.11
4,264,77.3,17.3,71.4,8.28
5,306,56.9,21.3,72.0,9.52
6,1485,68.0,23.5,71.1,45.77
7,3690,11.9,25.3,69.6,181.58
8,3382,27.9,25.2,67.5,169.09
9,3453,14.8,24.3,63.5,170.87
10,1763,39.9,28.6,62.8,59.3
11,1903,39.7,26.1,62.6,64.86
12,1726,45.1,26.7,53.8,58.94
13,2143,35.6,24.7,57.3,73.06
14,1400,38.6,24.7,53.9,47.37
15,1925,37.8,26.2,52.2,65.38
16,1654,41.1,24.4,53.4,56.52
17,3491,19.6,25.0,55.4,171.8
18,3941,12.4,21.9,52.2,194.73
19,2842,17.0,21.7,46.5,140.95
20,1401,48.9,15.3,60.4,43.67
21,1033,61.8,17.7,52.1,32.27
22,1225,45.5,16.8,55.8,38.16
23,1303,51.8,14.7,62.9,40.41
0,252,44.4,19.1,67.3,7.76
1,149,66.3,21.4,58.4,4.52
2,261,63.9,18.6,65.9,7.77
3,308,49.5,16.6,70.6,9.73
4,238,52.8,19.9,60.0,7.32
5,357,66.1,22.6,83.8,11.16
6,1341,56.7,21.3,65.7,40.93
7,3101,26.1,21.5,67.8,154.27
8,3671,11.9,25.7,69.0,181.13
9,3688,29.6,24.6,61.6,181.41
10,2120,42.7,24.1,61.6,72.59
11,1751,50.4,25.3,62.1,59.26
12,1565,45.8,30.2,62.1,52.63
13,1566,34.9,25.8,52.8,54.15
14,1792,36.4,22.6,57.7,60.83
15,1742,33.9,26.3,49.5,59.63
16,2025,41.5,23.8,55.6,68.92
17,3497,17.7,27.1,49.7,174.05
18,3736,21.1,18.5,59.7,182.23
19,3303,14.6,20.3,49.4,164.61
20,936,51.1,18.0,53.0,29.02
21,1561,54.6,19.9,40.7,48.0
22,1236,53.3,21.6,46.6,38.23
23,1159,53.4,17.0,60.9,36.03
0,382,69.7,14.1,68.1,11.77
1,64,57.8,19.4,54.0,1.98
2,115,54.7,14.3,57.3,3.64
3,324,51.5,14.3,59.8,9.95
4,241,78.3,16.6,75.1,7.53
5,356,73.8,18.5,74.5,11.55
6,1194,44.7,22.8,74.3,36.97
7,2915,20.3,23.5,70.5,143.54
8,3456,17.0,24.6,72.2,168.88
9,3564,17.9,28.5,65.2,175.39
10,1715,53.3,25.5,50.4,59.24
11,1828,25.2,26.9,66.4,61.87
12,1716,46.5,24.0,62.0,58.0
13,1430,42.6,25.3,59.0,48.66
14,1324,38.5,25.7,47.1,45.4
15,2116,40.5,26.0,40.2,72.15
16,1800,45.3,24.0,42.6,61.02
17,3627,14.9,22.0,51.4,179.05
18,3932,25.3,18.1,55.8,194.18
19,3418,27.0,19.5,58.3,169.88
20,1192,35.0,18.9,46.7,36.86
21,1514,36.9,14.6,55.8,46.59
22,1147,44.4,19.6,63.8,35.07
23,1252,52.4,20.0,57.5,38.5
0,515,53.9,17.6,64.9,16.31
1,416,67.8,19.0,60.4,12.74
2,399,72.8,16.0,77.4,12.26
3,487,64.1,18.8,80.9,15.16
4,283,80.5,20.2,55.6,8.78
5,242,49.8,21.6,68.3,7.41
6,1063,59.3,26.1,64.8,32.38
7,4177,28.7,25.9,72.5,207.72
8,3514,18.9,23.4,60.2,173.08
9,3582,12.9,25.1,69.2,176.86
10,1739,45.3,29.9,70.7,58.78
11,2009,49.7,29.8,57.6,68.49
12,1848,27.0,25.5,64.8,63.23
13,1925,39.5,23.1,62.2,65.17
14,1468,33.2,26.9,49.3,49.86
15,1986,35.9,23.2,48.1,67.56
16,2116,54.1,23.6,55.3,71.94
17,3537,24.7,23.6,48.7,175.85
18,3463,23.9,22.6,44.3,171.49
19,3535,11.6,18.5,43.0,174.87
20,1365,54.0,17.8,49.2,42.63
21,1100,37.7,16.5,60.2,34.31
22,894,38.3,16.4,56.7,27.38
23,1195,37.9,16.7,62.6,36.86
0,445,73.2,14.3,62.5,13.76
1,435,52.5,19.5,65.9,13.33
2,172,55.5,21.7,66.8,5.46
3,198,61.2,18.5,66.3,6.14
4,200,65.0,17.1,63.5,6.08
5,56,69.8,21.4,68.1,1.77
6,1042,52.1,20.8,65.6,32.18
7,3532,17.0,23.8,72.1,174.52
8,3627,20.1,25.5,78.1,179.23
9,3677,17.7,22.0,73.1,182.68
10,2116,36.9,24.0,58.8,71.54
11,1724,43.7,26.2,69.9,58.42
12,1529,35.9,26.2,65.6,52.55
13,1797,48.4,28.6,49.9,61.13
14,1836,32.5,26.4,52.6,62.59
15,1761,31.7,25.8,56.6,60.29
16,1277,34.5,23.4,47.9,43.7
17,3355,11.5,20.2,50.6,166.26
18,3778,22.4,23.0,52.0,186.52
19,3881,22.6,21.3,58.5,191.24
20,1036,52.1,18.9,49.7,32.37
21,1309,57.0,18.5,48.8,40.46
22,1331,50.1,18.3,44.4,41.02
23,1220,38.0,16.4,53.6,37.87
0,193,75.6,19.3,54.8,5.89
1,337,90.4,16.2,65.8,10.46
2,389,64.7,17.2,61.0,12.01
3,202,56.5,20.0,63.7,6.34
4,303,61.7,21.4,73.4,9.28
5,259,72.1,16.5,66.3,7.97
6,1545,46.8,23.3,68.5,46.89
7,3967,19.1,26.5,66.9,195.38
8,3662,16.5,26.4,75.6,182.99
9,3481,22.0,19.3,66.0,172.63
10,1854,44.6,24.4,65.9,62.96
11,2191,39.2,26.5,66.7,74.88
12,1369,34.8,26.9,62.8,47.03
13,2288,46.0,29.0,56.5,77.57
14,1307,43.7,28.0,48.2,44.21
15,1982,45.4,24.1,57.0,67.58
16,1810,46.4,22.1,54.9,61.42
17,3340,22.5,20.9,55.7,166.25
18,3661,22.4,21.0,49.6,181.52
19,3171,17.7,19.5,51.2,155.46
20,1113,24.7,20.7,53.4,34.52
21,1182,50.3,17.6,50.7,37.18
22,1073,48.0,19.9,53.5,33.62
23,1328,50.1,17.1,60.0,41.18
0,337,68.9,15.5,66.1,10.21
1,397,78.5,16.8,59.4,12.69
2,145,74.0,18.9,63.5,4.34
3,243,49.2,19.2,66.7,7.65
4,467,60.9,18.0,58.9,14.37
5,513,76.7,21.2,66.2,15.97
6,1259,53.1,18.6,65.7,39.34
7,4094,23.7,22.6,66.2,203.35
8,3683,18.2,24.5,68.7,181.95
9,3545,27.4,26.3,64.7,174.86
10,1833,45.2,26.6,65.5,61.87
11,1641,46.4,26.8,73.9,55.36
12,2109,36.7,25.9,61.9,71.41
13,1505,47.5,26.1,64.5,51.52
14,2557,30.0,26.8,50.1,86.87
15,1631,32.7,23.2,58.7,55.66
16,1485,36.8,25.2,50.8,50.13
17,3473,11.4,25.3,48.4,172.31
18,3947,20.7,23.6,46.2,194.57
19,2608,22.0,18.8,54.5,128.9
20,1101,55.5,16.6,46.3,34.19
21,786,59.6,23.1,54.8,24.54
22,984,50.8,19.5,51.9,30.64
23,1148,47.3,18.7,58.8,35.49
0,325,63.6,16.3,56.3,10.36
1,284,39.6,17.3,64.1,8.85
2,323,54.2,20.5,52.4,10.21
3,438,74.8,16.3,61.3,13.54
4,460,61.8,22.2,71.3,13.77
5,362,58.8,20.9,58.4,11.1
6,1167,35.7,18.7,72.2,36.52
7,4136,23.6,21.6,62.6,204.28
8,3129,15.0,25.2,70.7,156.49
9,3405,16.2,27.2,66.5,168.35
10,2044,32.2,26.6,62.2,69.65
11,1427,31.7,26.4,68.3,49.26
12,2137,54.0,25.5,55.4,73.79
13,1946,20.4,22.4,65.2,65.91
14,1414,36.8,29.4,60.0,48.51
15,2317,45.9,24.8,46.9,78.58
16,1736,48.1,25.5,51.9,58.94
17,3416,12.5,21.2,50.0,168.65
18,4362,23.3,22.8,39.1,216.13
19,3618,17.9,24.7,47.1,178.68
20,1391,48.2,18.3,51.7,43.26
21,1562,51.1,20.1,54.6,48.78
22,1132,52.6,22.2,47.2,35.04
23,891,56.5,14.2,59.6,27.96
0,275,57.1,18.5,55.7,8.46
1,223,67.9,21.1,53.0,6.96
2,199,61.9,18.2,66.0,6.22
3,304,67.5,17.7,61.0,9.74
4,322,72.0,23.3,67.5,9.96
5,401,54.1,21.1,66.6,12.34
6,1144,46.2,21.7,65.8,35.54
7,3487,15.8,23.0,70.9,172.71
8,3216,26.7,26.4,75.4,159.73
9,4137,27.1,22.0,63.1,205.52
10,1127,49.0,29.8,67.7,38.49
11,1913,46.3,26.5,57.3,65.26
12,2008,55.1,26.7,64.9,68.27
13,1425,46.4,26.0,55.6,48.52
14,1802,41.9,22.9,60.8,60.68
15,2567,40.8,25.6,60.1,87.28
16,1936,22.1,26.6,52.7,66.28
17,3660,20.0,25.3,50.2,181.59
18,3494,19.6,23.0,38.2,173.62
19,3375,20.8,21.6,52.6,167.73
20,1004,39.5,19.0,46.1,30.59
21,1453,45.0,19.3,51.9,45.34
22,1508,63.0,18.1,43.5,46.55
23,1249,41.3,17.0,56.2,38.87
0,302,49.2,14.3,64.5,9.44
1,323,69.4,18.6,62.7,10.14
2,129,59.7,18.2,60.0,3.8
3,220,67.4,18.5,59.4,6.82
4,313,66.7,20.5,67.9,9.48
5,291,32.6,18.6,73.4,9.16
6,1233,53.6,19.2,73.8,38.27
7,3504,14.4,21.2,68.0,173.25
8,3771,16.7,22.0,64.1,186.82
9,3421,30.1,26.5,68.9,169.68
10,2349,42.2,26.5,60.4,80.45
11,1947,29.3,23.4,63.1,65.82
12,2012,33.3,25.7,52.9,68.06
13,2315,39.3,26.3,61.1,77.61
14,1804,36.7,25.1,57.6,60.35
15,2038,45.6,25.2,52.8,69.95
16,1734,19.3,27.3,54.1,58.97
17,3324,14.2,25.1,47.4,164.57
18,3342,19.2,21.2,46.8,165.39
19,3406,21.5,19.7,53.0,169.09
20,845,51.4,17.5,53.5,26.15
21,1111,38.5,15.7,50.9,34.51
22,970,47.4,14.6,53.6,30.27
23,1200,58.6,16.4,63.0,37.55
0,238,69.7,17.7,64.4,7.29
1,276,69.2,21.0,58.4,8.39
2,285,86.5,23.9,59.1,8.78
3,184,59.6,18.3,66.0,5.75
4,196,59.8,17.6,68.3,6.2
5,243,68.1,22.2,71.6,7.35
6,1278,60.5,20.1,65.5,39.51
7,3242,25.9,22.3,69.2,160.79
8,2549,14.3,24.7,74.9,126.36
9,2859,10.7,26.1,70.6,142.41
10,1499,39.2,27.4,63.5,50.85
11,1145,48.9,25.6,64.9,39.22
12,1214,51.7,24.6,56.4,40.85
13,2103,44.5,27.0,59.1,71.22
14,1387,40.4,23.9,55.3,47.36
15,1949,58.6,24.8,58.3,66.83
16,1680,37.4,26.9,43.7,57.24
17,2945,20.6,18.6,48.3,146.38
18,3956,20.1,22.5,53.0,196.04
19,3324,17.5,18.7,55.0,164.72
20,1001,35.0,16.7,50.5,31.18
21,940,51.6,18.8,57.2,29.66
22,1025,40.7,18.5,51.7,31.83
23,1331,48.4,16.0,54.5,41.06
0,168,69.6,19.3,69.7,5.11
1,316,74.7,17.1,64.2,9.74
2,257,78.1,17.2,71.6,7.93
3,348,83.9,20.9,73.2,10.96
4,347,66.1,20.0,71.9,11.09
5,326,73.8,20.6,74.2,10.11
6,921,50.6,18.9,71.9,28.46
7,2756,30.3,21.4,68.6,137.61
8,3554,15.8,26.7,61.3,175.45
9,3272,25.8,28.3,68.0,160.67
10,1694,41.9,26.8,69.1,57.63
11,1677,40.9,27.0,62.0,56.86
12,2296,34.9,25.5,60.0,77.64
13,2541,45.8,24.3,62.5,86.39
14,2244,42.9,24.7,59.8,76.77
15,1897,33.3,27.0,51.9,64.76
16,2359,59.1,21.6,48.2,80.23
17,3917,19.1,22.7,46.0,193.86
18,4055,19.8,19.5,60.4,199.99
19,3580,23.2,18.3,49.9,178.65
20,1196,35.3,18.3,50.3,37.15
21,1277,58.0,15.0,57.3,39.54
22,1298,40.3,18.2,61.1,39.87
23,1433,46.9,18.2,62.6,44.48
0,481,60.1,19.2,53.8,14.98
1,389,69.2,18.3,61.5,11.94
2,350,64.9,18.6,66.2,10.66
3,100,78.9,19.1,66.1,3.05
4,294,63.6,21.3,67.6,9.11
5,246,55.2,19.5,75.2,7.67
6,1124,50.4,19.8,65.6,35.04
7,3331,12.6,25.0,78.7,165.31
8,3719,21.9,23.9,66.9,183.74
9,3307,17.0,24.5,71.4,163.35
10,2421,35.4,30.3,64.9,83.15
11,2052,48.2,25.7,58.4,70.1
12,1774,33.7,28.6,54.7,60.61
13,1592,35.8,26.3,60.3,54.46
14,2090,34.6,23.5,58.7,71.32
15,1822,43.5,22.1,67.0,61.83
16,1954,49.8,21.1,47.0,66.3
17,3429,20.1,26.3,52.2,169.59
18,4224,19.4,23.2,54.9,207.23
19,3618,9.3,22.2,48.6,179.26
20,941,48.8,21.6,42.8,29.18
21,1430,42.2,17.9,54.4,44.08
22,1137,34.3,16.8,52.6,35.14
23,1056,21.7,18.8,62.4,32.78
0,431,63.8,20.7,57.1,13.47
1,432,69.1,16.9,63.5,13.52
2,413,65.7,15.4,64.6,12.82
3,356,64.4,20.6,69.1,10.9
4,272,80.7,18.5,66.3,8.39
5,387,50.1,22.0,72.3,12.26
6,1389,48.0,20.6,69.0,42.79
7,4028,18.6,23.8,62.9,198.43
8,4149,13.6,23.6,67.3,204.9
9,3778,12.4,25.4,67.7,188.08
10,1076,46.3,28.4,60.5,36.37
11,1720,31.5,28.1,60.2,58.7
12,2313,58.0,28.5,57.9,78.67
13,1834,44.5,27.1,60.2,61.26
14,1678,30.9,30.9,60.0,57.09
15,1790,49.4,23.3,55.1,60.61
16,1708,38.6,24.4,55.4,58.56
17,3243,19.9,20.5,49.0,160.67
18,2901,9.5,19.1,45.6,144.67
19,3797,23.1,19.7,53.5,186.64
20,1232,48.8,18.9,63.8,38.25
21,972,49.3,21.0,41.0,30.24
22,1283,45.9,19.0,61.0,39.61
23,1637,46.6,20.6,54.2,50.86
0,345,60.0,14.9,78.9,10.86
1,359,78.2,13.0,66.5,11.05
2,508,64.9,18.4,67.5,15.61
3,248,69.4,17.3,66.4,7.85
4,267,60.3,18.2,63.5,8.26
5,249,67.2,21.9,65.9,7.76
6,655,51.7,20.4,65.7,20.61
7,3309,17.9,23.1,68.5,164.21
8,3375,18.0,25.6,76.0,165.76
9,3197,19.3,26.1,63.0,159.81
10,1771,40.3,25.1,62.7,60.5
11,1663,40.1,26.0,59.9,56.11
12,1488,39.3,29.6,60.2,50.43
13,1902,49.5,23.6,59.5,65.01
14,1251,41.3,23.4,55.0,42.44
15,1814,32.8,24.7,57.2,62.21
16,1379,36.1,24.1,50.3,47.15
17,3988,14.7,19.7,57.4,197.3
18,3983,16.4,20.3,39.5,197.41
19,3611,24.0,19.6,46.1,179.4
20,938,41.7,17.8,50.5,29.21
21,1161,45.8,17.8,50.3,35.72
22,1192,54.0,14.9,59.1,36.84
23,1384,62.5,16.7,46.4,42.41
0,218,56.8,17.6,56.7,6.9
1,242,56.2,19.4,59.5,7.57
2,372,71.3,20.0,53.5,11.48
3,436,61.5,18.4,71.6,13.39
4,262,59.1,18.7,71.8,8.11
5,221,50.4,21.9,69.4,6.91
6,1375,71.7,26.6,77.9,42.78
7,3427,22.1,22.4,73.4,169.77
8,2806,13.2,23.9,68.7,138.89
9,2848,14.7,26.3,70.3,140.45
10,1296,43.3,26.8,71.3,43.98
11,2103,35.9,28.3,58.9,71.61
12,2144,36.2,26.3,57.5,73.78
13,1714,49.8,25.4,51.9,58.34
14,2077,26.9,24.9,58.5,70.53
15,1550,37.1,22.2,45.2,53.48
16,2441,51.4,26.8,49.7,83.04
17,3031,10.5,20.6,51.7,149.54
18,2750,23.2,22.4,51.6,136.31
19,3540,18.3,19.4,52.8,175.24
20,1485,46.3,18.7,48.9,45.7
21,1329,54.4,17.1,47.9,40.96
22,1030,52.4,19.7,62.8,31.5
23,1398,39.7,18.5,56.1,43.46
0,445,92.0,20.1,58.8,13.73
1,268,69.4,16.5,61.6,8.38
2,59,57.0,15.6,69.2,1.75
3,369,60.2,19.4,63.7,11.18
4,171,79.9,18.8,63.5,5.23
5,189,67.7,18.2,67.0,5.55
6,1209,49.1,21.8,65.8,37.5
7,3553,20.5,19.2,69.1,175.76
8,3586,21.8,24.4,68.7,175.63
9,3792,18.3,25.0,55.5,186.18
10,1779,46.7,27.2,61.0,60.41
11,1472,30.9,26.1,62.2,50.95
12,1924,45.5,27.5,65.0,65.42
13,2488,42.4,25.1,57.2,84.64
14,1950,39.1,28.5,55.4,65.94
15,1406,37.0,24.1,59.6,47.7
16,1784,23.9,25.1,51.6,61.2
17,3791,19.0,18.9,45.3,187.32
18,3156,27.2,24.4,39.4,155.24
19,3153,29.6,22.0,50.2,157.64
20,1046,34.7,18.5,56.0,32.54
21,1123,38.1,17.0,54.0,34.66
22,1205,50.6,17.6,55.9,37.55
23,995,50.3,15.1,57.9,31.2
0,496,80.2,17.8,58.9,15.06
1,308,52.8,16.7,65.5,9.51
2,408,69.7,19.5,68.5,12.45
3,210,68.8,18.1,69.8,6.74
4,232,56.4,19.3,73.2,7.0
5,316,78.1,19.3,71.8,9.7
6,1664,44.4,24.6,69.8,51.16
7,3299,15.2,23.2,66.3,161.34
8,3649,31.4,24.4,65.5,179.38
9,3633,23.1,23.4,61.6,178.89
10,1820,36.7,25.6,73.1,61.89
11,2136,32.7,27.3,65.7,71.89
12,2101,46.7,28.1,61.1,71.1
13,1946,47.9,26.4,47.2,66.48
14,1711,25.9,24.8,50.6,58.62
15,1894,33.2,26.8,51.8,64.66
16,1104,29.1,24.3,53.6,36.78
17,3237,9.9,21.4,51.2,159.88
18,4028,20.2,23.0,55.8,198.45
19,3117,24.0,19.2,54.1,155.08
20,991,51.3,21.3,53.3,30.13
21,1235,41.2,20.1,58.0,38.62
22,1073,56.2,17.4,52.0,33.01
23,1226,40.5,14.5,52.2,38.34
0,269,63.7,12.6,62.6,8.37
1,448,84.6,17.3,66.1,14.02
2,425,71.3,17.6,67.5,13.03
3,330,72.3,17.9,61.7,10.32
4,284,87.2,20.4,67.8,8.83
5,420,70.5,20.2,63.7,12.82
6,747,43.5,19.5,60.0,23.14
7,2906,22.0,22.2,60.3,144.4
8,4086,8.3,20.6,71.5,204.1
9,3376,22.4,26.6,71.2,166.3
10,1831,13.8,27.7,65.2,62.6
11,1728,49.2,27.2,59.2,59.05
12,1608,31.6,29.5,54.5,55.22
13,2049,26.2,25.0,55.4,70.21
14,1597,39.5,22.5,61.9,54.66
15,1779,48.5,28.7,46.6,60.24
16,1943,34.7,25.0,50.9,65.76
17,3827,26.2,22.3,53.6,188.92
18,3195,15.4,21.5,50.4,158.16
19,3431,17.3,16.5,46.1,170.36
20,1256,42.6,19.1,49.6,39.11
21,1278,61.2,16.6,53.0,39.54
22,1322,49.6,18.2,59.3,40.65
23,1226,47.9,15.2,63.3,37.82
0,332,67.6,19.3,55.7,10.18
1,341,74.5,20.1,60.7,10.39
2,355,65.5,18.2,68.5,11.03
3,253,54.9,17.7,71.9,7.86
4,80,69.9,21.5,64.4,2.5
5,291,69.2,18.1,71.6,9.1
6,1498,55.0,24.9,68.4,46.15
7,3796,19.0,21.3,72.3,188.9
8,3415,22.0,19.7,69.4,167.74
9,3372,24.3,24.2,67.5,166.37
10,1725,45.5,25.2,64.1,58.62
11,1291,31.8,26.1,62.3,44.13
12,1765,45.2,27.2,52.2,60.43
13,1232,39.9,29.0,54.0,41.82
14,1804,25.1,27.3,60.2,61.96
15,1934,34.0,22.2,52.1,65.67
16,1818,39.2,25.3,47.3,62.81
17,3864,24.3,23.4,57.0,192.59
18,3493,18.7,23.4,52.5,172.57
19,3744,25.7,19.3,51.7,184.46
20,1206,48.9,16.6,50.2,37.1
21,1065,44.8,21.7,55.6,33.21
22,1089,49.7,13.9,53.8,33.38
23,1501,47.8,18.3,59.3,46.78
0,501,44.0,16.6,67.1,15.54
1,129,50.6,17.0,56.3,4.1
2,415,66.8,20.8,61.5,12.77
3,154,75.6,17.5,74.7,4.94
4,165,71.8,21.6,64.4,5.29
5,356,60.2,22.4,75.4,11.22
6,1165,57.0,24.9,73.0,36.48
7,3618,20.5,23.2,73.0,179.93
8,4042,18.5,21.5,73.1,199.9
9,3435,19.2,26.7,75.7,170.3
10,1780,29.7,25.9,65.4,60.45
11,1938,43.5,26.0,56.3,65.6
12,1495,37.9,27.7,61.0,51.4
13,1604,31.6,26.8,60.5,54.52
14,1914,24.1,24.9,59.4,64.39
15,1839,40.0,26.1,53.2,63.22
16,1823,36.1,24.0,53.2,61.76
17,4054,18.0,22.3,50.7,201.87
18,3285,19.6,21.0,58.1,161.66
19,3333,18.6,21.2,46.7,165.62
20,1136,53.5,21.4,41.4,35.78
21,1308,52.1,19.9,44.6,40.19
22,1476,51.2,17.3,56.6,45.89
23,1175,31.1,21.6,56.3,36.46
0,439,64.4,16.9,67.4,13.66
1,278,70.0,16.6,50.1,8.76
2,402,73.3,17.9,73.3,12.92
3,293,67.6,19.8,59.8,9.08
4,556,72.7,17.5,66.0,17.48
5,257,76.2,20.9,63.0,7.96
6,1489,44.9,24.0,70.0,46.1
7,3456,24.0,23.9,73.1,172.24
8,3506,15.3,25.7,64.8,173.96
9,2747,20.7,26.5,62.0,135.53
10,1913,30.5,23.9,68.3,64.32
11,2054,33.6,30.1,57.6,69.63
12,1582,43.3,27.5,60.1,53.24
13,1273,43.0,23.5,61.9,42.94
14,2110,49.7,29.1,55.3,71.2
15,1703,44.0,25.5,55.9,58.1
16,1817,47.6,23.8,55.3,62.47
17,2980,28.3,24.3,51.8,149.2
18,3565,18.4,23.4,47.7,177.01
19,3188,20.4,19.8,49.8,158.95
20,1345,46.3,19.5,57.4,41.54
21,1002,50.5,17.9,63.4,30.97
22,865,40.4,18.5,53.8,26.93
23,1224,31.9,21.5,58.7,37.66
0,313,65.2,15.4,66.1,9.29
1,305,70.7,18.7,66.0,9.7
2,178,63.8,16.9,65.9,5.48
3,364,55.7,17.3,78.8,11.16
4,331,78.2,17.2,72.3,10.43
5,373,64.6,21.5,75.6,11.46
6,1303,39.6,20.4,69.5,40.01
7,3691,13.0,21.9,71.5,183.09
8,3528,30.8,27.5,69.5,173.4
9,3328,19.1,24.0,72.4,165.12
10,2111,38.1,26.3,72.6,72.4
11,1830,45.2,24.6,56.9,62.62
12,1684,41.5,29.8,58.1,58.05
13,1457,48.3,30.7,62.8,49.09
14,1963,39.5,27.5,50.4,66.54
15,1762,40.3,27.4,46.9,59.94
16,1670,37.3,28.2,53.8,56.81
17,3479,22.5,24.1,54.7,170.66
18,2927,21.8,21.8,50.2,144.76
19,3642,19.9,20.1,55.6,181.38
20,1160,58.4,18.4,54.1,36.04
21,1126,53.5,14.7,59.3,35.27
22,1517,40.4,16.1,56.0,46.46
23,1277,57.2,19.5,57.5,39.91
0,528,75.0,12.8,60.2,16.7
1,204,75.6,13.5,63.6,6.2
2,214,69.4,18.4,59.4,6.58
3,317,61.4,17.7,67.2,9.95
4,386,63.1,19.0,64.2,11.96
5,424,57.8,21.6,64.6,13.43
6,1358,44.7,24.0,64.2,42.41
7,3149,25.1,23.1,69.8,157.18
8,3621,28.4,26.0,69.9,178.51
9,3457,13.8,24.0,69.3,171.8
10,1874,45.1,26.0,61.5,63.7
11,1571,38.3,27.2,59.3,52.97
12,2288,46.8,28.9,68.6,77.65
13,1547,18.9,25.1,61.8,51.96
14,2229,24.6,25.3,52.2,76.03
15,1324,53.5,28.4,62.7,44.53
16,1337,33.2,25.7,54.1,45.49
17,3563,15.9,23.2,62.3,175.56
18,3632,10.9,22.7,53.3,179.32
19,3395,14.5,20.2,56.7,168.55
20,1161,50.7,20.2,51.6,36.56
21,976,62.0,18.4,48.8,30.15
22,1248,53.7,21.5,63.0,38.34
23,982,48.5,14.1,50.4,30.56
0,331,62.4,20.2,62.7,10.18
1,397,65.8,17.7,61.7,12.55
2,172,69.6,19.4,56.3,5.39
3,209,69.6,21.5,59.2,6.23
4,513,57.2,21.1,78.4,15.89
5,119,72.6,17.2,72.6,3.7
6,1528,80.4,22.4,67.2,47.49
7,3765,25.3,20.3,75.5,186.44
8,3591,19.3,26.4,61.0,176.19
9,3562,14.6,26.2,73.5,177.34
10,2076,50.7,27.4,63.9,70.32
11,2408,32.8,27.6,60.6,81.03
12,1753,34.7,25.7,62.7,59.27
13,1271,40.6,28.4,53.1,43.07
14,1331,40.5,22.9,48.4,45.27
15,1461,42.0,27.5,52.7,49.83
16,1580,39.5,25.7,61.2,53.93
17,3790,16.8,24.9,51.9,187.42
18,4197,16.6,18.2,59.2,207.92
19,3330,15.9,20.2,54.3,164.7
20,1191,58.7,18.7,45.9,36.7
21,1401,57.9,16.0,49.5,43.38
22,1284,57.9,19.4,48.9,39.47
23,1457,42.3,15.5,65.8,45.58
0,176,71.0,20.0,59.9,5.57
1,122,68.6,16.0,65.2,3.74
2,182,41.8,19.3,56.2,5.56
3,340,71.3,19.6,64.7,10.26
4,386,55.0,17.2,66.0,11.86
5,249,68.3,27.3,66.5,7.65
6,1424,49.4,24.4,65.9,44.45
7,3519,25.3,22.6,64.9,172.45
8,3705,20.3,26.8,73.1,183.77
9,3075,29.3,25.4,70.1,151.28
10,2061,49.9,25.2,55.0,70.34
11,1730,48.6,26.4,62.3,58.74
12,1420,46.3,26.2,59.4,47.78
13,1932,42.7,28.3,67.5,66.02
14,1658,47.9,24.9,52.3,56.87
15,1762,20.0,23.7,52.1,59.72
16,1399,41.6,24.6,49.7,47.56
17,3511,13.2,24.9,50.5,174.21
18,3745,13.8,19.3,40.9,187.35
19,3608,23.0,20.1,56.6,178.04
20,1658,48.3,20.9,50.4,51.59
21,1282,34.7,18.3,50.2,39.56
22,1560,62.6,19.3,58.1,48.48
23,1256,61.0,19.3,56.9,39.01
0,351,63.0,20.1,63.1,11.02
1,542,100.6,15.2,62.8,17.01
2,234,74.0,19.3,60.5,7.37
3,282,57.5,15.4,68.1,8.76
4,318,52.5,23.3,65.9,9.9
5,468,69.6,16.1,64.3,14.67
6,1235,67.6,19.6,74.1,38.02
7,3493,15.2,23.0,71.7,173.59
8,3658,10.0,23.9,64.4,180.31
9,4104,28.4,22.8,68.4,203.03
10,1748,43.8,25.7,62.2,59.95
11,1798,26.5,27.8,58.8,60.72
12,1149,26.3,26.5,70.7,39.34
13,1625,30.9,27.9,49.7,54.4
14,1935,45.8,27.5,52.5,65.85
15,1725,32.2,19.2,56.9,59.6
16,1573,35.5,20.9,51.5,53.83
17,3780,14.5,24.2,42.2,186.56
18,4150,13.1,22.0,51.4,204.57
19,3345,27.1,21.8,46.7,165.95
20,1300,55.0,16.2,51.6,40.13
21,1194,45.0,19.4,53.9,36.98
22,1106,57.5,17.5,48.7,33.78
23,1359,44.4,13.8,57.6,42.3
0,238,45.9,16.6,62.9,7.29
1,240,52.2,20.2,61.6,7.36
2,507,72.3,16.3,63.7,15.46
3,307,45.7,16.2,69.2,9.49
4,331,76.5,21.0,68.8,10.29
5,131,67.9,22.7,63.5,4.01
6,1210,45.2,22.6,68.6,38.1
7,3323,26.5,23.0,67.3,164.21
8,3468,18.4,22.8,73.6,171.19
9,4039,13.6,23.9,69.5,200.7
10,1652,38.2,28.1,61.0,56.23
11,2101,33.4,24.3,63.5,71.14
12,1633,48.1,31.0,55.1,56.14
13,1455,33.4,27.6,58.3,49.59
14,1677,47.5,25.5,58.3,56.68
15,1664,37.2,28.0,49.3,56.75
16,1684,51.9,23.6,54.6,57.16
17,3627,30.2,24.0,47.0,179.4
18,3437,20.6,24.5,44.0,171.97
19,3839,22.5,23.8,51.1,189.38
20,1139,56.0,18.5,55.1,34.77
21,1157,59.5,21.6,49.2,35.86
22,1380,47.3,20.0,57.7,42.34
23,1320,54.4,19.9,55.5,41.46
0,420,71.9,17.9,61.5,12.86
1,221,58.0,11.4,59.7,6.66
2,290,70.0,15.6,57.3,8.96
3,327,64.6,19.0,63.2,10.05
4,199,74.9,18.9,83.4,6.02
5,331,51.9,24.4,64.8,10.32
6,848,40.9,23.2,69.1,25.98
7,3250,23.2,26.2,71.8,160.77
8,2811,22.5,23.5,66.5,140.33
9,3775,27.0,25.4,57.4,186.32
10,2160,32.0,28.3,61.9,73.48
11,1620,33.2,27.4,69.7,55.82
12,1778,36.2,29.6,59.3,60.54
13,1933,39.4,29.0,60.2,65.45
14,2093,38.2,26.0,54.6,71.25
15,1964,34.4,23.1,53.7,66.55
16,1720,37.3,22.2,47.3,58.37
17,3169,24.9,21.7,52.2,157.43
18,3606,26.9,19.6,54.5,177.73
19,3804,19.5,18.3,46.1,187.24
20,1373,37.7,15.5,52.8,42.97
21,1320,41.0,18.3,50.7,41.12
22,1103,43.8,15.7,50.5,34.21
23,874,51.1,17.5,61.5,27.05
0,130,37.4,18.8,61.3,3.93
1,343,63.7,13.1,61.7,10.6
2,458,64.0,19.9,70.9,14.22
3,384,81.1,20.2,62.4,11.82
4,182,56.3,20.1,72.4,5.69
5,372,87.9,21.1,65.1,11.63
6,1476,41.7,19.5,76.0,45.73
7,3271,22.2,24.5,73.9,162.79
8,3435,21.2,25.1,56.1,170.04
9,3188,22.7,25.7,69.2,158.78
10,1053,50.3,26.3,70.0,35.74
11,1798,33.8,27.7,60.6,60.46
12,1958,58.1,26.7,58.5,66.22
13,2012,42.8,24.5,58.3,68.58
14,1861,36.7,27.2,49.3,63.34
15,1894,30.2,26.5,55.6,64.91
16,1919,49.6,25.2,63.0,65.41
17,3283,21.0,24.4,51.0,162.28
18,3087,21.2,23.8,57.8,152.84
19,3644,15.5,19.7,56.7,180.13
20,1439,61.7,20.8,58.9,44.45
21,975,42.3,17.8,56.4,30.39
22,829,60.2,16.8,55.1,25.74
23,1429,53.9,20.2,54.6,44.25
0,341,73.7,18.5,54.2,10.58
1,263,76.6,16.4,62.9,7.99
2,348,56.3,17.7,62.3,10.62
3,363,61.6,16.6,67.6,11.55
4,229,72.5,20.9,65.9,6.94
5,101,58.8,23.7,65.3,3.24
6,1105,54.2,19.9,73.3,34.18
7,3714,23.8,23.4,69.4,183.32
8,3239,22.2,24.3,66.0,160.77
9,3258,13.9,27.7,64.3,161.59
10,1634,35.2,30.3,72.6,54.96
11,2008,43.6,25.3,61.7,68.3
12,1228,42.4,25.7,54.3,41.91
13,1397,34.4,28.7,57.2,46.86
14,1941,34.8,23.8,47.6,66.27
15,2397,48.7,24.2,51.6,81.42
16,1329,35.2,25.3,49.5,45.21
17,3834,22.4,22.5,49.1,189.85
18,3904,15.8,23.3,55.4,192.9
19,3234,16.8,21.4,54.1,160.28
20,988,47.7,21.2,47.9,30.64
21,1115,69.6,18.1,51.6,34.46
22,1350,39.2,20.4,61.3,41.3
23,1255,53.0,19.4,68.5,38.8
0,256,71.8,20.9,63.8,7.97
1,167,69.1,19.1,54.3,5.09
2,166,64.9,17.5,61.3,5.3
3,202,71.4,18.2,67.8,6.09
4,129,56.0,20.5,68.4,3.81
5,321,63.1,19.8,66.1,9.98
6,1059,46.7,24.5,71.5,33.05
7,3013,17.6,20.9,77.4,149.21
8,3308,17.3,26.2,60.5,163.76
9,3272,16.3,23.9,67.6,161.23
10,1776,39.1,27.8,68.0,60.45
11,1310,55.8,25.7,54.9,45.05
12,2199,35.2,25.7,61.2,74.25
13,1904,46.7,26.4,50.5,64.97
14,1697,39.5,27.5,54.4,57.65
15,2079,53.5,27.4,64.2,70.6
16,1608,47.1,24.9,57.6,54.86
17,3441,14.4,21.1,51.6,170.82
18,3924,26.4,23.9,42.8,193.22
19,3753,19.5,22.9,57.7,186.01
20,1185,51.2,19.6,51.7,37.16
21,1352,54.9,16.7,59.8,41.8
22,1119,52.3,15.1,62.6,34.87
23,1644,42.3,17.0,55.7,50.56
0,254,65.3,19.9,59.8,7.69
1,312,70.3,18.3,54.8,9.74
2,259,61.6,16.9,60.5,8.12
3,205,64.5,20.3,55.8,6.38
4,264,68.0,16.0,75.3,8.14
5,251,73.7,18.8,66.2,7.79
6,1157,42.5,21.6,63.4,36.62
7,3656,27.4,26.0,73.0,179.81
8,3591,20.3,27.0,63.9,175.41
9,3399,13.7,25.9,54.0,169.02
10,1662,34.5,28.5,62.5,56.83
11,2043,31.2,26.9,68.3,69.41
12,1371,60.8,28.2,53.0,46.54
13,1598,47.1,23.2,52.6,54.14
14,2051,46.0,25.5,57.4,69.54
15,1816,47.0,26.0,49.5,61.55
16,2145,53.5,23.5,55.3,74.09
17,3735,22.5,21.4,55.6,185.42
18,3514,8.7,22.5,55.1,174.11
19,3066,23.8,22.8,48.5,152.49
20,1561,33.7,17.5,46.0,48.34
21,904,45.6,18.4,55.4,28.39
22,1325,51.9,16.5,58.7,40.83
23,1331,59.9,20.5,61.2,41.06
0,438,75.5,16.2,70.5,13.65
1,360,72.8,16.1,65.0,11.38
2,304,85.1,17.9,69.5,9.42
3,291,74.7,16.3,62.3,9.3
4,308,51.4,16.9,66.0,9.32
5,366,64.5,18.7,68.2,11.51
6,1269,50.2,22.5,66.4,39.46
7,3397,17.0,21.3,66.3,168.24
8,3671,19.3,23.4,67.7,180.35
9,3498,10.5,27.5,68.4,174.67
10,1832,46.4,26.5,71.2,62.11
11,2225,54.8,30.1,72.7,75.52
12,1703,46.6,25.9,59.2,57.97
13,2146,31.0,29.0,59.3,73.22
14,1684,48.7,27.9,46.1,57.8
15,2059,35.7,27.2,61.7,70.69
16,1135,39.2,25.6,56.5,38.25
17,3397,17.6,21.2,44.4,167.49
18,3617,20.4,22.1,49.2,178.56
19,3706,24.6,25.5,51.8,184.37
20,1156,69.1,17.1,54.0,35.31
21,1274,49.5,19.6,59.2,39.3
22,1107,52.6,17.8,42.9,34.26
23,1262,57.1,17.5,61.1,39.27
0,300,72.5,18.9,53.4,9.1
1,274,61.5,15.4,69.0,8.71
2,366,68.2,13.1,61.8,11.22
3,183,80.0,17.7,75.7,5.74
4,148,70.7,19.7,62.1,4.54
5,369,63.1,17.5,67.8,11.72
6,1247,44.1,21.9,57.4,38.58
7,3802,19.8,23.6,83.3,187.97
8,2805,27.8,21.3,70.0,139.16
9,3811,20.8,23.7,68.3,187.4
10,1825,33.9,28.2,59.9,62.15
11,1509,27.4,26.3,66.7,51.06
12,1542,28.2,27.2,67.4,52.08
13,1536,39.2,22.7,52.6,52.03
14,1948,35.5,25.9,52.5,66.82
15,2165,34.3,24.0,44.7,73.49
16,1921,45.4,26.6,45.0,65.21
17,3396,18.4,19.6,47.8,167.55
18,3341,16.5,19.7,50.0,165.41
19,3608,10.9,18.9,52.0,179.28
20,1076,43.0,19.1,60.8,33.13
21,797,34.3,15.7,52.9,24.65
22,1265,61.6,16.4,53.6,39.29
23,1092,53.8,13.2,64.3,33.63
0,158,68.7,14.1,64.7,4.98
1,262,76.8,18.8,56.4,8.18
2,242,56.6,20.0,56.6,7.58
3,335,68.0,18.8,72.6,10.64
4,315,90.1,20.3,73.5,9.71
5,462,59.1,19.2,68.8,14.06
6,1268,43.5,19.1,74.5,39.22
7,3978,14.9,24.3,71.2,198.98
8,3298,23.7,23.8,69.8,161.92
9,3415,24.9,28.4,55.4,169.59
10,1714,32.9,25.4,60.6,58.85
11,1380,23.3,28.3,66.6,47.11
12,2027,43.5,27.8,60.8,68.36
13,2155,41.5,28.2,55.7,74.58
14,1856,46.3,28.6,56.9,63.46
15,1670,33.1,24.9,41.3,56.98
16,2064,38.8,25.4,51.8,70.48
17,3475,10.8,23.0,54.1,172.8
18,3125,17.5,22.7,40.1,155.16
19,2746,17.2,21.7,55.7,135.26
20,1238,56.1,19.7,50.6,38.4
21,1235,56.9,17.9,51.7,38.52
22,1169,57.7,17.5,51.0,35.95
23,1049,43.1,13.2,58.7,32.43
0,247,51.6,16.0,58.5,7.58
1,399,57.6,15.1,64.7,12.38
2,151,53.5,14.7,68.5,4.68
3,261,70.8,17.9,64.3,8.04
4,296,59.7,18.0,69.9,9.26
5,274,75.7,22.6,72.1,8.61
6,1395,28.0,25.2,71.1,43.17
7,3529,25.6,21.0,69.5,175.13
8,3594,24.3,26.1,62.1,176.59
9,4059,14.0,25.1,67.3,201.45
10,2072,35.8,30.6,68.8,70.68
11,1712,42.9,26.3,60.2,57.4
12,2007,40.6,28.5,64.2,68.22
13,2114,28.7,25.5,56.5,72.29
14,1790,51.2,25.3,56.2,60.97
15,2052,42.9,26.7,54.3,69.63
16,1543,31.1,23.0,53.5,52.65
17,3115,27.6,24.2,53.6,152.54
18,4212,27.0,22.5,59.0,206.99
19,2632,13.6,20.8,40.4,130.02
20,815,47.4,16.2,49.4,25.48
21,949,37.1,20.0,57.5,28.98
22,1135,36.6,20.2,56.0,35.06
23,1436,48.2,19.5,58.1,44.1
0,457,72.1,17.9,59.5,14.5
1,444,57.8,17.4,69.3,13.7
2,340,65.9,20.4,67.5,10.51
3,298,70.5,17.3,67.7,9.36
4,225,52.2,17.1,68.0,7.06
5,330,67.3,20.3,63.4,9.96
6,791,46.0,17.9,61.0,24.5
7,3716,19.8,23.8,70.5,184.63
8,3252,27.9,25.0,60.5,160.73
9,3700,16.8,24.4,63.5,182.59
10,1287,49.7,25.5,64.1,43.61
11,2014,39.4,31.0,72.4,68.16
12,1941,45.6,25.1,61.4,65.7
13,1945,48.2,25.9,64.1,66.13
14,1191,57.7,29.0,58.0,40.7
15,1829,35.9,24.8,56.5,62.92
16,1133,19.9,21.9,50.3,38.39
17,3805,23.7,22.7,46.8,189.08
18,3561,19.7,22.2,47.3,176.63
19,3410,25.8,19.7,39.4,168.22
20,1297,64.8,19.4,53.3,40.74
21,1330,52.6,20.8,50.3,41.33
22,1098,31.5,19.7,60.1,33.98
23,999,52.5,16.8,56.1,31.53
0,89,59.6,13.3,56.6,2.78
1,301,77.1,17.5,64.6,9.31
2,124,58.4,18.0,59.9,3.79
3,310,69.4,18.7,67.2,9.71
4,321,67.1,21.3,68.6,10.1
5,162,52.4,21.4,64.4,5.06
6,1626,54.8,21.4,69.3,50.01
7,3408,21.3,23.9,64.1,168.0
8,2839,17.4,23.1,71.9,141.16
9,3744,31.9,25.1,65.0,184.99
10,1819,33.0,21.5,67.7,61.56
11,1658,25.6,25.3,59.4,56.42
12,2012,45.4,27.5,62.5,68.68
13,1976,38.0,25.5,52.8,67.19
14,1978,34.3,29.0,47.2,67.38
15,1387,49.4,29.2,56.1,47.53
16,1730,37.0,24.5,48.7,58.7
17,3216,20.2,23.7,37.9,160.05
18,3766,21.1,20.2,44.1,187.74
19,3295,1.7,19.5,56.2,163.76
20,1130,38.8,18.5,45.3,34.54
21,1181,47.4,17.6,56.4,36.9
22,1192,62.4,16.3,53.0,36.62
23,1417,48.9,15.9,53.6,43.94
0,277,70.5,18.2,56.6,8.89
1,409,53.0,19.6,62.6,12.77
2,519,56.1,21.4,61.2,16.13
3,310,57.7,18.5,68.5,9.54
4,387,79.3,20.4,61.2,11.88
5,186,70.5,19.9,69.0,5.71
6,950,36.7,23.4,74.7,29.33
7,3180,17.5,24.2,70.3,156.44
8,3932,23.5,25.9,70.1,196.4
9,2633,16.4,25.5,67.3,130.83
10,1797,46.5,26.1,63.9,61.71
11,2036,32.1,25.1,58.9,69.52
12,2113,27.8,28.0,57.7,71.22
13,1987,34.4,25.0,52.6,67.44
14,1396,35.8,26.6,54.0,47.21
15,1926,42.2,25.9,55.8,65.7
16,1155,33.7,24.8,49.9,39.27
17,4096,18.7,23.5,50.0,201.84
18,3374,17.4,23.3,57.8,166.55
19,3385,22.3,20.1,50.0,169.15
20,1407,54.2,16.1,45.1,42.93
21,1328,74.6,17.8,46.5,41.14
22,1005,47.0,18.5,58.1,31.24
23,1039,58.4,14.8,57.9,32.11
0,151,63.8,18.3,61.2,4.55
1,415,49.5,15.6,52.0,13.14
2,416,76.2,20.5,68.1,13.1
3,328,55.5,19.2,74.2,10.18
4,293,76.4,19.1,66.4,9.14
5,243,62.4,23.7,72.8,7.56
6,1072,47.9,20.1,64.9,33.08
7,3643,16.0,21.3,79.2,179.37
8,3285,11.5,24.9,57.7,162.83
9,3349,32.5,26.9,61.9,167.35
10,2201,37.5,26.9,75.5,74.63
11,2046,39.0,28.7,56.6,69.84
12,1736,34.8,25.7,60.7,59.5
13,2041,33.5,30.6,45.7,69.88
14,1869,32.1,23.4,60.8,64.01
15,1523,36.3,25.1,56.2,52.22
16,2181,31.2,22.1,47.2,73.81
17,3509,25.7,22.3,52.5,174.31
18,3705,21.2,24.3,58.0,183.26
19,3310,17.0,22.1,61.5,163.48
20,973,53.8,16.9,45.5,30.02
21,1410,51.1,19.1,47.5,43.77
22,1229,56.6,19.3,56.8,38.35
23,1251,54.5,19.3,61.0,39.14
0,383,82.5,17.3,62.1,11.92
1,273,66.8,17.5,58.9,8.58
2,197,84.3,16.7,67.0,5.85
3,203,71.9,19.2,73.5,6.44
4,290,68.0,18.8,73.6,9.06
5,448,65.4,21.4,65.6,14.14
6,1473,53.4,22.1,74.3,45.39
7,4059,19.8,19.6,70.8,201.18
8,3028,16.9,24.0,62.7,150.17
9,3568,22.0,27.5,70.0,176.74
10,2500,25.0,24.2,69.9,85.22
11,1509,30.1,25.5,53.4,51.71
12,1570,35.0,26.6,58.4,53.88
13,1669,42.8,27.1,53.8,56.37
14,1384,51.0,25.8,43.2,47.69
15,2306,50.3,23.4,56.3,78.16
16,2212,45.6,23.1,53.4,74.72
17,3043,31.4,24.3,53.1,150.31
18,3503,23.1,25.2,61.1,172.66
19,2994,17.8,19.4,55.2,148.43
20,1411,47.9,19.0,42.3,43.9
21,1026,40.3,18.1,49.5,31.87
22,1162,47.1,19.4,47.7,36.0
23,1240,43.5,18.5,56.7,38.67
0,322,51.6,16.8,55.4,10.37
1,164,74.8,17.5,63.5,5.18
2,422,53.9,15.4,67.1,13.1
3,264,51.7,19.9,60.0,7.94
4,323,65.1,18.5,67.0,10.16
5,269,65.2,19.8,64.8,8.64
6,1189,49.7,26.5,70.9,37.15
7,3200,14.5,21.0,65.7,159.9
8,3642,7.0,25.6,65.4,181.27
9,2919,22.8,25.7,72.0,146.05
10,1596,38.2,23.6,65.0,54.6
11,1841,54.5,25.5,67.2,62.25
12,1241,39.1,24.3,54.6,42.65
13,1539,41.3,26.7,60.8,52.32
14,2183,42.9,28.3,46.8,73.61
15,1601,33.3,24.9,50.7,55.51
16,2023,57.7,23.3,55.5,68.9
17,2500,18.5,22.2,47.3,123.0
18,2752,25.0,23.7,43.9,136.12
19,3692,16.6,22.0,47.2,182.12
20,891,52.6,21.1,50.2,27.82
21,1194,69.8,16.7,52.1,37.13
22,1228,45.1,18.2,55.3,38.21
23,1360,41.3,16.1,46.7,41.82
0,509,58.8,15.6,59.9,16.03
1,145,62.7,15.4,60.5,4.49
2,289,76.8,17.2,76.8,8.97
3,311,69.7,21.6,64.5,9.55
4,397,75.8,21.0,70.1,12.31
5,258,56.1,23.9,64.0,8.06
6,1071,56.3,23.9,64.8,33.25
7,3376,23.7,20.2,69.5,167.07
8,3476,21.9,22.0,61.5,171.26
9,3664,31.3,24.8,65.1,180.77
10,1894,45.8,25.5,52.1,64.32
11,2291,45.1,27.7,66.8,78.28
12,1755,32.3,26.9,67.9,60.23
13,1761,51.5,26.9,57.2,59.32
14,1866,23.4,25.0,42.6,63.29
15,2160,32.9,25.1,55.0,73.57
16,2178,29.7,25.1,48.0,74.67
17,3339,22.0,21.0,41.8,165.26
18,3362,24.0,24.0,43.8,166.54
19,3178,16.7,20.6,49.4,157.21
20,1740,50.5,20.7,49.9,53.37
21,1019,50.3,16.4,46.3,31.34
22,1269,52.8,15.8,52.4,39.47
23,1101,46.5,15.3,57.6,34.5
0,386,33.4,18.0,59.2,11.77
1,369,66.5,16.7,60.7,11.57
2,107,58.3,19.9,61.5,3.34
3,305,53.2,19.8,59.4,9.32
4,476,86.1,19.8,64.1,14.86
5,165,66.9,20.9,76.6,5.03
6,1157,46.4,24.7,71.6,36.03
7,3116,18.0,24.7,74.9,154.11
8,3369,14.4,20.8,69.6,166.34
9,3256,20.9,26.8,69.1,161.25
10,866,49.7,27.5,67.4,29.43
11,1354,27.4,25.1,60.8,46.27
12,1685,28.3,26.7,64.3,57.57
13,1628,46.7,28.5,60.3,55.09
14,1926,32.4,26.1,49.8,65.75
15,1599,45.5,24.7,46.2,55.14
16,1421,44.9,24.2,52.1,48.35
17,3159,17.1,22.5,47.0,155.69
18,3790,15.7,24.3,52.9,187.49
19,3829,22.1,18.8,39.2,189.35
20,1239,39.8,18.7,56.7,38.04
21,1061,50.3,17.1,50.5,32.82
22,1102,54.4,18.8,61.1,34.39
23,692,53.1,16.0,62.4,21.47
0,430,71.2,19.1,61.5,13.09
1,220,56.5,19.3,61.1,6.74
2,534,61.1,19.2,69.7,16.29
3,270,72.1,18.1,59.8,8.51
4,267,40.9,19.0,64.8,8.35
5,173,63.3,18.1,65.7,5.21
6,1079,47.6,21.0,70.1,33.5
7,3822,22.2,23.2,55.5,188.3
8,2943,16.9,25.4,59.4,146.52
9,3925,19.3,21.2,72.7,193.27
10,1825,39.1,23.5,61.2,62.06
11,970,40.8,23.9,63.7,32.93
12,1049,33.2,28.2,60.4,35.6
13,2036,39.3,26.8,50.8,69.51
14,1722,34.6,26.9,57.4,58.76
15,2183,37.7,25.1,54.7,74.23
16,1799,26.7,26.1,49.1,61.71
17,3468,14.0,24.9,50.5,171.93
18,3235,22.0,24.3,46.8,158.17
19,3125,15.0,23.6,61.6,154.76
20,1146,46.6,19.9,48.2,35.85
21,1097,49.8,19.9,59.1,34.08
22,981,41.1,18.3,45.1,30.26
23,1087,43.3,17.0,56.0,33.69
0,329,61.6,17.9,63.7,10.4
1,249,57.3,19.2,73.0,7.72
2,381,49.3,17.1,69.6,11.74
3,170,50.4,18.7,60.1,5.26
4,434,76.0,17.3,62.1,13.2
5,216,67.0,20.3,75.9,6.64
6,1087,43.4,22.9,66.2,34.04
7,3284,22.5,24.4,64.0,161.87
8,3209,19.6,23.6,76.7,158.85
9,2602,15.9,27.4,71.2,128.1
10,2236,36.5,25.4,62.9,75.72
11,2171,40.5,26.2,66.0,73.65
12,2099,36.2,26.2,65.0,71.44
13,1627,37.7,27.9,59.6,55.79
14,1436,48.1,21.8,50.8,48.72
15,1831,38.0,26.6,48.7,62.59
16,1895,40.1,21.7,51.0,64.42
17,3337,20.6,22.6,52.6,165.09
18,2768,20.8,25.2,52.9,138.07
19,3531,18.3,24.9,57.8,177.0
20,1015,44.3,19.7,55.1,31.31
21,1367,39.5,17.9,47.7,42.77
22,1169,33.9,17.5,59.0,36.34
23,1484,40.2,20.0,55.8,46.56
0,394,85.0,16.3,56.8,12.06
1,297,57.0,17.9,66.5,9.21
2,322,68.0,17.3,60.4,9.82
3,295,55.0,14.5,62.8,9.03
4,244,69.6,18.3,66.9,7.67
5,191,60.0,20.2,70.8,5.89
6,1608,62.3,22.9,74.6,50.11
7,3609,21.4,22.2,69.9,178.79
8,3793,17.0,26.2,78.3,187.46
9,3183,18.2,26.0,69.1,157.32
10,1913,35.3,24.4,59.3,65.57
11,1589,51.1,28.3,64.1,54.86
12,1495,37.0,25.6,68.6,50.87
13,2215,32.7,28.7,50.4,76.04
14,1839,44.8,27.4,57.5,62.13
15,2005,15.5,22.4,51.5,68.46
16,1686,38.0,24.0,52.1,56.84
17,3380,18.8,22.8,47.0,167.8
18,3400,24.4,22.7,45.3,168.65
19,3267,18.7,18.2,45.6,161.72
20,1323,34.2,19.4,49.3,41.35
21,1056,54.1,19.3,60.6,32.58
22,1572,46.1,16.5,54.7,49.3
23,1165,55.3,19.1,57.8,35.87
0,449,61.3,19.1,62.3,13.67
1,487,62.8,17.1,68.5,15.07
2,212,62.5,18.0,74.7,6.54
3,421,72.1,21.3,60.2,12.98
4,274,71.0,19.2,62.5,8.66
5,380,75.1,20.8,58.3,11.86
6,1229,40.0,21.7,66.4,38.55
7,3937,19.5,21.9,60.9,194.07
8,3315,16.7,22.2,64.2,164.66
9,3809,12.0,25.8,65.5,188.48
10,1695,47.2,24.0,68.6,57.9
11,1939,47.1,27.7,67.2,66.32
12,2354,33.4,26.3,59.9,79.13
13,2346,46.6,25.7,61.1,80.37
14,2051,46.0,23.8,54.7,69.13
15,2138,36.7,21.8,60.7,72.56
16,1890,38.7,27.2,44.9,63.54
17,3452,19.1,23.6,49.0,171.57
18,2702,14.2,22.2,60.3,134.69
19,3612,20.9,20.6,48.7,177.8
20,1069,49.2,21.0,55.6,32.91
21,695,42.5,18.0,44.9,21.69
22,788,38.8,16.7,57.9,23.91
23,1031,54.1,19.8,57.7,31.9
0,281,70.7,17.4,54.9,8.69
1,419,68.3,16.0,51.1,12.92
2,372,66.8,17.6,67.5,11.62
3,294,55.4,17.2,73.2,9.37
4,389,56.5,16.2,65.9,11.82
5,433,53.6,19.4,72.5,13.29
6,1349,35.7,23.9,72.8,42.09
7,3741,14.7,21.6,64.3,186.0
8,3395,14.1,23.2,62.9,167.86
9,3764,22.3,26.1,63.8,186.14
10,1571,41.6,25.5,63.2,53.42
11,2245,43.7,25.3,63.2,76.18
12,1665,41.1,25.1,55.5,56.43
13,2261,42.8,24.7,55.8,77.15
14,2209,36.5,27.6,61.1,74.95
15,1422,20.8,23.6,56.5,48.11
16,1894,54.8,26.9,52.8,64.48
17,3905,17.5,17.9,56.5,194.1
18,3241,24.1,21.1,53.7,161.11
19,4011,17.9,20.9,46.4,199.36
20,1134,61.4,22.5,49.7,35.38
21,927,37.2,19.7,60.4,28.38
22,1268,52.4,15.7,50.0,39.25
23,1415,52.4,17.8,50.6,43.66
0,351,56.0,14.4,63.8,10.8
1,408,78.3,17.6,53.5,12.46
2,420,76.9,16.9,61.7,12.85
3,416,67.3,17.8,73.6,12.58
4,373,69.5,18.8,75.2,11.98
5,180,54.3,24.4,62.8,5.66
6,1215,51.7,20.2,61.4,37.78
7,3156,16.9,23.3,74.3,155.83
8,3315,8.6,24.3,70.8,162.52
9,3708,18.1,25.4,72.7,184.7
10,1979,45.2,26.8,65.9,67.36
11,2477,47.2,26.3,65.1,84.05
12,1369,42.9,26.8,63.9,46.6
13,1829,34.7,28.1,62.2,62.28
14,1501,39.9,27.1,45.8,51.07
15,1958,43.6,24.4,51.2,66.55
16,1793,40.5,22.7,52.9,60.68
17,3844,23.1,23.2,42.6,190.05
18,3748,17.3,21.4,55.9,185.52
19,3743,27.8,25.4,50.9,185.63
20,887,62.0,21.2,54.6,27.11
21,1260,55.0,18.1,48.9,38.7
22,1442,35.2,16.9,50.4,44.84
23,1124,53.2,18.8,53.7,34.26
0,330,72.8,17.8,52.6,10.11
1,414,70.4,15.6,65.0,12.9
2,239,61.6,16.2,69.0,7.3
3,327,62.7,17.6,71.5,9.99
4,255,69.9,21.7,69.3,7.67
5,333,80.3,18.9,72.6,10.06
6,933,57.1,22.6,65.4,28.86
7,2872,25.6,26.6,72.0,142.0
8,3955,18.2,26.2,70.5,196.88
9,3493,20.6,26.6,65.3,173.5
10,1792,29.4,25.0,66.9,60.99
11,1467,56.4,27.4,59.7,49.69
12,1425,29.8,26.4,59.4,47.7
13,1847,37.0,26.5,51.5,63.45
14,2111,43.0,28.1,55.3,72.71
15,1680,45.3,25.3,57.2,56.99
16,1980,43.9,24.0,52.4,67.51
17,3195,12.1,22.9,49.3,158.02
18,3568,11.3,21.5,62.7,177.18
19,3252,13.9,19.1,48.2,160.26
20,1016,57.3,16.7,53.8,31.42
21,1688,44.8,19.3,52.2,52.38
22,1089,38.6,16.9,55.4,33.53
23,1107,47.4,13.8,61.4,33.93
0,193,58.6,17.0,63.3,5.94
1,284,72.0,17.9,63.4,8.78
2,273,67.3,18.6,69.1,8.26
3,495,68.5,20.7,71.7,15.17
4,432,67.1,20.6,72.4,13.85
5,251,51.1,21.0,72.6,7.68
6,769,47.9,19.8,67.8,23.96
7,3977,22.2,26.3,70.0,197.57
8,3228,20.1,22.8,66.2,160.37
9,3273,11.4,25.9,73.2,160.65
10,1786,31.5,27.8,69.3,61.26
11,2144,57.3,27.1,61.7,73.37
12,1538,49.1,29.4,57.5,52.64
13,2082,43.7,26.8,58.8,70.87
14,1656,40.9,25.5,51.6,55.96
15,2093,34.1,26.6,46.7,71.54
16,2588,41.1,22.4,46.9,88.51
17,3986,25.1,21.8,41.0,196.53
18,3616,19.8,26.5,53.6,178.11
19,3765,17.2,23.1,48.9,186.18
20,1507,58.5,18.7,56.7,46.66
21,1042,56.9,21.1,55.8,32.23
22,1022,63.3,16.5,58.5,31.47
23,1019,56.6,20.3,51.5,31.48
0,334,64.9,17.6,71.5,10.27
1,381,49.6,16.0,62.5,11.66
2,335,63.0,15.9,60.7,10.45
3,366,77.9,22.6,67.0,11.55
4,275,65.3,20.4,66.2,8.56
5,235,64.6,22.6,75.8,7.21
6,1126,60.5,23.6,66.3,35.13
7,3911,18.5,18.2,69.7,194.68
8,3099,20.2,26.4,67.8,153.0
9,4052,20.9,26.3,64.1,200.99
10,2066,41.2,24.9,60.4,71.04
11,1954,40.1,26.5,63.0,66.48
12,1812,44.0,27.1,56.1,61.49
13,1703,40.9,27.5,57.3,57.85
14,1969,39.9,27.4,63.8,67.36
15,1876,50.2,24.2,48.5,64.35
16,2036,31.3,25.3,51.6,69.4
17,2938,21.7,25.2,47.3,144.78
18,3720,21.3,25.4,44.0,185.27
19,2384,20.6,18.4,53.3,117.45
20,1197,51.4,19.9,42.1,37.04
21,1254,50.9,19.9,49.2,38.94
22,1140,65.1,17.3,50.2,35.4
23,977,46.3,19.0,54.9,30.42
0,282,44.4,15.2,60.4,8.48
1,461,62.2,17.4,63.0,14.32
2,374,73.9,18.8,61.3,11.22
3,316,80.1,18.9,69.7,9.73
4,411,76.9,16.5,78.0,12.74
5,225,67.1,22.1,73.2,7.17
6,1246,58.8,23.1,64.1,38.36
7,3801,22.3,27.0,63.2,188.44
8,3784,15.6,23.3,71.0,188.12
9,2949,13.9,25.9,60.1,146.94
10,2485,35.2,29.0,57.9,85.48
11,1509,37.5,24.5,56.8,51.53
12,1722,37.5,26.4,72.9,58.57
13,1569,29.4,29.0,52.3,53.08
14,1635,47.7,27.0,63.6,55.56
15,1922,39.4,25.0,60.6,65.97
16,2120,42.0,26.8,47.8,72.18
17,3576,21.0,20.2,56.0,177.98
18,3230,23.6,20.6,48.9,158.76
19,3319,23.3,19.4,53.7,164.16
20,1364,52.5,18.8,48.1,42.07
21,1582,44.5,16.7,51.5,48.62
22,1401,45.6,17.0,62.6,43.32
23,1123,58.1,14.7,60.5,34.58
0,284,65.0,16.8,60.8,8.79
1,289,68.3,15.9,68.7,8.99
2,285,61.5,18.7,68.3,8.83
3,546,63.7,16.7,72.0,17.09
4,316,65.7,21.1,70.9,9.72
5,294,57.9,22.4,69.1,9.25
6,1464,38.2,22.9,72.8,45.08
7,3673,18.1,23.4,68.6,181.26
8,3081,21.3,23.3,63.1,152.67
9,3431,21.1,28.6,61.4,170.2
10,2041,40.3,25.1,56.1,68.8
11,2253,28.4,27.0,63.1,76.8
12,2046,47.9,26.5,62.2,70.06
13,1912,34.4,27.3,51.4,65.91
14,2147,34.1,25.7,62.8,73.17
15,1766,42.5,26.3,45.5,59.65
16,1964,37.5,22.7,48.4,66.62
17,3549,15.8,24.1,54.4,175.21
18,3649,16.4,23.7,44.6,181.32
19,3662,16.4,20.1,55.7,180.58
20,1278,51.3,18.7,46.0,39.48
21,1294,44.0,20.8,53.2,40.57
22,1185,62.1,16.6,55.6,36.35
23,846,54.4,18.0,62.2,26.06
0,347,63.1,16.1,61.7,10.79
1,279,60.3,16.9,65.5,8.51
2,248,65.1,17.4,69.4,7.86
3,-51,76.2,20.0,61.6,0.0
4,246,60.6,19.7,77.1,7.29
5,412,63.4,20.5,73.7,13.0
6,1429,60.2,19.7,60.3,44.58
7,3491,20.6,24.1,70.4,172.17
8,3548,21.9,24.3,63.8,176.91
9,4402,20.5,23.2,77.6,218.39
10,2561,54.4,26.9,65.6,86.55
11,2484,39.3,24.8,62.8,84.36
12,2074,31.5,27.3,59.3,70.24
13,1688,36.0,28.9,63.8,57.64
14,1847,37.3,27.3,54.6,63.2
15,1324,43.9,25.3,47.9,44.96
16,1444,56.5,24.6,53.2,49.55
17,4094,10.0,25.4,44.8,203.88
18,3071,13.1,24.3,59.6,151.45
19,4159,17.7,21.6,46.1,204.62
20,1161,55.6,20.0,53.9,36.02
21,1172,64.3,16.5,55.7,36.63
22,1238,53.7,17.4,55.2,38.51
23,991,42.8,18.6,54.2,30.72
