PC1,PC2,CO2_rating,Smog_rating
-3.3654440154960126,-0.10405950250683844,6,6
-2.7058369165893477,-0.7375139006681455,6,5
-0.6602824065800399,-0.21881326275699936,5,5
0.9335176563963511,-0.6051093674863445,4,4
1.9371417692763284,-0.30583675069914473,4,4
-0.6016201494480377,-0.18810887799708262,5,5
-0.22611781097733105,-0.08167669998336555,5,5
-1.9167889509536793,0.23672869665936816,5,6
-0.22366966844064692,-0.9325773640095136,5,4
-0.33079340819152026,-0.9203172865757292,5,4
-1.0043896570990187,0.4764037136120562,5,6
1.3211346137036974,-0.49334882683296666,4,4
1.6666157232615253,-0.40525034446379954,4,4
0.22246268581070097,-2.3722685711115234,5,2
3.895066666162376,-1.4804706333920028,3,2
3.5506299818756695,-1.5727631382896803,3,2
3.819200509004843,-1.4533325384686036,3,2
-0.9862195858246046,-1.0915512309878046,5,4
3.8825959755203887,-1.4311986295218775,3,2
3.8402221776275107,-1.4372356723910322,3,2
4.049979712664165,-1.4344966485167847,3,2
-1.321723709270467,-2.736410494637265,5,2
-2.8795510167846827,0.8004167367458638,6,7
-2.1407887961291503,0.9662769781325238,5,7
-2.9923282155369524,0.7781048101548563,6,7
-2.8347906803801584,0.03072164496704059,6,6
1.0679270956142066,-0.5927305699422988,4,4
3.000565874633042,-0.06944682496259691,3,4
1.8505680308398007,-0.38375432740648957,4,4
1.931787125227139,-0.3865274299017189,4,4
1.9934650230004134,-0.3620015303136272,4,4
-1.1765496987372848,-1.1513007438968097,5,4
1.9444341619874472,-0.37825591980872997,4,4
2.062037934037136,-0.3448832995146432,4,4
-2.5277422778744945,0.11122308447424582,6,6
1.9799129466168777,-0.36481120815046736,4,4
2.1237158318104106,-0.32035739992655154,4,4
-2.39658642944127,0.14740538260517247,6,6
-2.6273604325190023,0.09004549799438903,6,6
2.0120485371268164,-1.9182008197526315,4,2
-2.64136999309605,0.8432317825857009,6,7
-1.5231184214980658,-0.43929074276125635,5,5
-2.246158974270519,0.9294202127705701,5,7
-1.2986084492646484,-0.3904728670507315,5,5
-2.83103216311917,0.8238082962228049,6,7
-1.8436070061866825,0.29261295401165394,5,6
-1.1163595273138343,0.49568562329479665,5,6
1.7444683057838342,-0.38576858993638224,4,4
4.127989905021072,0.2174070986153709,3,4
-0.6741156210387665,0.5919165357974266,5,6
-0.36172863788823023,0.6763414990258726,5,6
2.8594993722950983,-0.09204296913259058,3,4
-2.409114491129899,0.13032136480465542,6,6
-0.8817544473064631,-1.0492326333697017,5,4
0.6636234462103724,-0.6923097955531637,4,4
0.5609806897639884,0.9022217521288073,4,6
-2.7807990610034685,0.09782853255182593,6,6
-1.5844095144569712,0.39004886058802724,5,6
-1.051728560527518,0.4862010106993858,5,6
-2.737401248415683,0.08959123545730378,6,6
-1.4546099623790822,0.3354987881915687,5,6
-0.9914614822635194,-0.328864252686221,5,5
-1.161646054180622,0.4102474024086056,5,6
-0.6660344300769008,-0.23449244163909644,5,5
-0.45758016752083813,-0.18944292857542505,5,5
1.9333231472694994,-0.4079389398472344,4,4
2.4848651129771917,-0.26021268363793226,3,4
-0.2335822026348736,-0.1334878828830615,5,5
-1.3929320646058077,0.3600246877796605,5,6
0.3949083328517157,-0.7744842104429144,4,4
-0.9673748504272276,0.46843691532480347,5,6
0.7471654806013114,-0.6849808891553271,4,4
0.8765103963783883,-0.6660377698993049,4,4
4.223540152293283,-1.3906657420603292,3,2
4.242963227245359,-1.3809893930489203,3,2
1.2321762170450303,-0.5810375960578531,4,4
3.8495278539399123,0.9415998187257528,3,5
4.495463201622348,-1.255196855900602,3,2
-0.9354237137865228,0.49519728213672953,5,6
-0.6167726997916723,0.588164254265434,5,6
0.9409246770072518,-0.619654206257291,4,4
-0.7922518110121232,0.5556007680500118,5,6
0.9277656328994901,-0.6207885463684416,4,4
0.5552286662671274,0.8865425732467103,4,6
1.403075147254722,1.1067290602169477,4,6
2.3488911333898495,1.376433203705576,3,6
2.9567817650934,1.5646783268093456,3,6
3.3993206256386728,1.6509056334993355,3,6
1.801753855984287,-0.4558768931390172,4,4
2.3367872358476602,-1.874235352686783,4,2
4.204117077341207,-1.4003420910717383,3,2
4.456617051718196,-1.2745495539234202,3,2
4.495463201622348,-1.255196855900602,3,2
4.456617051718196,-1.2745495539234202,3,2
-1.6722865253740904,0.35444177307010616,5,6
-1.5536587386294947,0.3735400534005158,5,6
1.5792222013647335,1.1796185729784794,4,6
-0.28651587351252716,-0.8970955350453492,4,4
2.718346980583386,1.4466180399688116,3,6
2.1943915297400496,1.342214873991214,3,6
3.0817925577539893,1.5835061083324857,3,6
0.36433823086070966,-0.7083519129511002,4,4
0.729516472574708,-0.6000892361373065,4,4
3.0860288555912025,1.5558394015926187,3,6
3.6709085327559086,-1.4423643245635012,3,2
4.265755506921417,-1.3028208952350424,3,2
3.464919456402741,1.6476881147250337,3,6
3.1568323695974647,0.7497623012156773,3,5
3.944253256720434,0.9537090758733573,3,5
1.6041599634273682,-1.937215884490474,4,2
3.944253256720434,0.9537090758733573,3,5
0.39560101403563974,-0.73199789012045,4,4
2.9992948344406707,1.4971454664034929,3,6
0.8725324398070006,-0.587148946751972,4,4
3.6961489491909765,1.6597176510705383,3,6
0.17684306529908317,-0.765136586948878,4,4
3.110515600574365,1.5307885855048489,3,6
-2.787694074266916,0.10523620134093396,6,6
-0.8544610663581134,0.6226228714220581,6,6
-2.931791427240757,0.04021423024863395,6,6
-1.6854455694818522,0.3533074329589556,5,6
-2.562553119614365,0.13810439936209243,6,6
0.2243307286588392,-0.03704789307377737,4,5
1.2408802826751169,0.2142972411934623,4,5
1.0592490348109345,0.9884065601947374,4,6
3.4392043512965276,-0.0363365964121124,3,4
3.905407106816282,0.934356377850539,3,5
3.944253256720434,0.9537090758733573,3,5
3.1933351689218026,0.748932672910263,3,5
3.944253256720434,0.9537090758733573,3,5
1.6238266022271513,0.36246028467170865,4,5
1.2583416112801584,1.096180761472979,4,6
1.3642237967689805,1.1259003568530943,4,6
3.074919835356264,0.8154907673912414,3,5
2.6230577484737774,1.464079785880802,3,6
2.7569499797625903,1.5221197480656505,3,6
1.6465554384289107,0.4532131494258436,4,5
3.7600266392117696,0.9378283143172493,3,5
2.5129235686632208,1.4439943538274465,3,6
-1.8106318548510707,0.30509898085990317,5,6
-0.4330360514910341,-0.14813772299255248,5,5
-0.8789284611160139,0.5632628545315282,5,6
-2.6958143684840445,0.0641147594878773,6,6
-2.017550095364773,0.23863795785071637,5,6
-1.2720163038450305,-0.37771634139521276,5,5
-4.585420648219065,0.44148117017055066,7,7
2.6128844654079577,0.5764639345378667,3,5
-0.36543263199527753,0.6321136402164217,5,6
1.0695750118571499,0.20107273422914143,4,5
0.6362106639207985,0.9295573295537392,4,6
1.6300906330714657,0.3710022935719671,4,5
0.7891391653473183,0.14340813781262163,4,5
1.4487035628120466,0.2752964319465001,4,5
1.612834562580883,0.3239647569256762,4,5
1.2190109454758635,0.2700182290426822,4,5
1.5491086354177943,0.3279875372649382,4,5
2.2577306520887688,0.48432659071457657,3,5
0.47680955324342406,0.1253391962548181,4,5
3.8432638230955978,0.9330578098254944,3,5
4.495463201622348,-1.255196855900602,3,2
2.3769278172274593,0.56264372273379,3,5
2.9453624664001294,0.710891273323831,3,5
-1.0348592948513045,-0.3206269555916987,5,5
-0.7966782711626718,-0.2778119097518616,5,5
-4.527151423362837,0.4705102172047779,7,7
-4.488305273458685,0.48986291522759606,7,7
-4.396613002955887,0.5262170376155678,7,7
-1.4870731063672407,0.315875591361481,5,6
2.8893532162502593,-1.7407834364411578,3,2
3.2074922228976566,-1.640679294330615,3,2
3.589476131779822,-1.553410440266862,3,2
3.7178955973574572,-1.5390858061898574,3,2
4.495463201622348,-1.255196855900602,3,2
0.6037475199326403,0.9099341327236515,4,6
1.1077901793421692,0.23637510994132613,4,5
3.2128156149205207,0.8249650435923146,3,5
-0.3959022697475633,-0.16491702898733318,5,5
2.0582723359050514,-0.3139426289459238,4,4
-0.3973837686359823,0.6053532734044956,5,6
2.275441358880163,0.45787093570838666,3,5
1.3316762500275503,-0.5228846584832662,4,4
0.08507327868753459,0.7430984687966523,4,6
0.9043995868171923,0.1565984317784758,4,5
1.6752008138199324,0.3988970004950439,4,5
0.6601854015565078,0.911643683447808,4,6
1.7993057134476025,0.39502377088713087,4,5
0.7411673992101789,0.9546584397548367,4,6
2.705187936475624,1.445483699857661,3,6
2.7878823022899772,1.5246304601822889,3,6
3.4349186380660766,1.6394347365156505,3,6
3.6684032996654636,1.6820706723532897,3,6
3.330755048199341,0.7936569799414482,3,5
2.7777343119989553,-1.6039733712192374,3,2
3.944253256720434,0.9537090758733573,3,5
-1.5970565512172794,0.38177735049503825,5,6
-1.1908034369190963,0.47170072132124397,5,6
-1.060671603180779,0.5221573594158476,5,6
-3.5962180185737447,-0.1614193871176219,6,6
-4.498799374678807,-0.3432025521444814,7,6
-3.871196309367024,-0.22397296752042892,6,6
-3.7220352863620962,-0.19367816152730785,6,6
-4.498799374678807,-0.3432025521444814,7,6
-2.831261152101925,-0.7680973373521418,6,5
-2.825278259332802,0.05398414793938282,6,6
-1.9918629895683828,0.25685631576238394,5,6
-4.507728348410761,0.48018656621618705,7,7
-3.953053467044592,0.6187771344886506,6,7
-2.4063781082743105,0.15217902885857762,6,6
-1.6910786179070334,0.32881574636933064,5,6
0.394396325504262,-0.7673470404610759,4,4
0.6468177790422053,-0.6713159728031228,4,4
1.103400679662048,-0.5407618636250715,4,4
-4.498799374678807,-0.3432025521444814,7,6
1.1593265539384618,-0.5319151429190767,4,4
1.3040548893314359,-0.4828428495161433,4,4
-2.651564159137466,-1.4839464894746262,6,4
-3.6889411599548048,-0.19000464238658674,6,6
-3.828429479198372,-0.21626058692558478,6,6
-4.498799374678807,-0.3432025521444814,7,6
0.3301558039556698,-2.3253097968565037,5,2
-0.2135171896200522,-2.4599574747138946,5,2
-3.0190374557387423,-0.01134253495865341,6,6
-3.125550623646698,-0.02511245264940228,6,6
-1.4352484914520436,0.42034366658114836,5,6
-1.7918397623181277,0.33072500756067874,5,6
-1.8545416747863093,0.32047344793626387,5,6
1.0655130656552487,0.9969485690949959,4,6
1.6713759643516986,1.14898497655864,4,6
-2.537378021165428,0.16345992725559857,6,6
0.6716320775035879,0.8766460195413596,4,6
0.7468620516603982,0.9039815969662913,4,6
0.1853224157511752,0.7483263775871425,4,6
0.5530042907589924,0.8575477392109498,4,6
-3.6063657692121316,-0.1020453743544308,6,6
-1.3053826071669088,-1.1773810331346706,5,4
-1.8735101134375736,0.2373039072723739,5,6
-4.498799374678807,-0.3432025521444814,7,6
-1.6477997803909274,0.32939095698233645,5,6
-3.820572055265055,-0.16277406630019917,6,6
-2.764972340308869,-1.490308738376267,6,4
3.7502454747180383,0.9305792613035893,3,5
3.9179351685049104,0.9514403956510561,3,5
-0.5885800804119554,-0.17816203017840404,5,5
3.0899718267214245,0.7687760744342925,3,5
-0.759276659676511,0.5680867948982612,5,6
0.5165014914346547,0.8583773675163642,4,6
3.54493532942545,-1.522086295501135,3,2
-1.6243370501026722,0.3186144808582435,5,6
0.4669955835446618,0.9055358522385755,4,6
1.3293811951402719,1.0579819728465005,4,6
0.7171926615744703,0.9725720858607682,4,6
1.0917121787990929,1.008029757024825,4,6
1.6223451033387322,1.1327305870635374,4,6
0.6356412855267038,0.8703384778649353,4,6
-3.3067243873173684,-0.006999096076279091,6,6
-4.498799374678807,-0.3432025521444814,7,6
-4.498799374678807,-0.3432025521444814,7,6
-3.0127734248944282,-0.0028005260583949406,6,6
-1.28415756071929,0.4590651437416456,5,6
-2.4560399517064098,0.1518743170528413,6,6
-0.4612286708707504,0.6181885614512856,5,6
-1.1149424803431531,0.48308662105680933,5,6
-3.5454747894000964,-0.1090329936049202,6,6
-2.457752319867091,0.11574231303524234,6,6
-1.5656747929706698,0.3493188656181604,5,6
-3.846771168408899,-0.17385525423002832,6,6
1.486793527763982,1.171601480577899,4,6
4.102947317345947,-1.3531154209683225,3,2
1.1721821691053105,1.0581816833136923,4,6
4.449722038454748,-1.2671418851343121,3,2
3.2680531357311593,0.7834054203170333,3,5
4.366402003978982,-1.3038376723776741,3,2
1.272943313516405,1.0562724221223443,4,6
0.7981172881814996,0.9492308204971547,4,6
1.7741306149986653,0.36966824299362466,4,5
2.5768936734310732,0.5701563928614425,3,5
2.2942334514131066,0.48349696240916235,3,5
2.464116474678803,0.5478444662704351,3,5
0.022883373566806635,0.725709739190399,4,6
-0.6334593918881594,0.600345569307947,5,6
0.2176665846676541,0.7767620821247583,4,6
0.5364365737341844,0.8609165465459347,4,6
2.9267529474469125,-0.10938140462551615,3,4
0.44428903820862425,0.039359977754088116,4,5
2.3285341660950305,-0.3217505096623651,3,4
2.4770076890438752,-0.31369920426331777,3,4
1.0096729665591018,-0.6479930178850408,4,4
2.0645363667493655,-0.30540062004566515,4,4
1.370972803254118,-0.43550060106411614,4,4
-0.8610987792529395,0.5279946918178104,5,6
-0.8629714301276257,0.5110863293184306,5,6
-4.421107074870503,-0.3044971560988449,7,6
-0.8308600107729164,0.5186230546121376,5,6
-4.319728495668227,-0.2637499478531375,7,6
-1.7865997461687202,0.35354135642461426,5,6
-0.422382520966598,0.6375412594741039,5,6
-1.7798237079769523,0.35494619534303434,5,6
-4.498799374678807,-0.3432025521444814,7,6
1.1979944774347855,0.21539736830614611,4,5
-0.6068601655974448,-0.21092522686101794,5,5
-0.659258391885133,-0.23308760272067638,5,5
-2.5605596133784925,-0.6393030730115747,6,5
2.773767074973751,0.6104117654449591,3,5
-1.7361887986555,0.3009210394462539,5,6
-0.8541382871919381,-1.05075044767786,5,4
-1.2163715676438076,0.4446698557020482,5,6
-0.7929723967661172,-1.01908737810793,5,4
-4.421107074870503,-0.3044971560988449,7,6
-1.0468179781458378,-0.27849212170341175,5,5
-0.9019910782573984,-0.248312653443173,5,5
-0.9511409143420445,-0.2557545352307477,5,5
-2.8697574576621356,0.010139763326939595,6,6
-2.6389834545844035,0.06749964793772316,6,6
-2.7813684393975633,0.03860968086302201,6,6
-2.1047961238627586,0.18708119264342896,5,6
-2.118467175317974,0.19308402251411674,5,6
-1.2369286712018663,-1.1514502946281586,5,4
0.6082095792814124,-0.708293686240997,4,4
-0.8274290469901483,-0.2613031025643503,5,5
0.13497956057904772,-2.3780374775165525,5,2
0.27256844424916093,0.79988314279443,4,6
-0.4053027965943368,0.6270352821572803,5,6
4.127989905021072,0.2174070986153709,3,4
-1.0514270118761122,-0.3172581482567137,5,5
0.7027436533186192,-0.662469252097128,4,4
0.5944195527545175,-0.6934783486627811,4,4
1.2844473605101263,1.0876307798865381,4,6
0.965796346515276,0.9946638077578336,4,6
3.204173153315472,-0.0455383230371712,3,4
3.315512894520846,-0.02070771164334329,3,4
3.4402857370380753,0.015745085294852964,3,4
0.5950505351736507,-0.7094280263521475,4,4
0.842898035162239,0.18961604615349836,4,5
3.7543690249449773,0.05953489705956461,3,4
2.9665041369742924,-0.09549053885884673,3,4
3.802536153977041,0.07083998500012512,3,4
0.5323486227054688,-0.7196795859765625,4,4
3.698562125740243,0.04187566864604164,3,4
3.7256662785073145,0.04749502431972197,3,4
3.660972740092767,0.029147609903455215,3,4
-2.8090490514298265,0.7977987953250217,6,7
-1.9449815703333957,1.0030549811032061,5,7
-2.8332546583377978,0.009310135021525374,6,6
-2.5000071426882897,0.10089276245855965,6,6
-2.0445997249779033,0.9818773946233494,5,7
-1.945493577680849,1.0101921510850447,5,7
-1.603889960455689,0.31401648990597575,5,6
-1.5173118748472636,0.32524722856715393,5,6
-1.9323345335730875,1.0113264911961952,5,7
-1.1981488535049594,0.4110770307140199,5,6
-1.2802738409252172,0.3911491220781959,5,6
2.3798182553356475,1.417467910481179,3,6
-2.533494301371355,0.09554390559214891,6,6
-2.0562772701972456,0.21047275212037006,5,6
-2.464528358058859,0.1143374741168222,6,6
-1.8613750840247185,0.2527125873472015,5,6
-1.4858727455540122,0.35914476536091855,5,6
-1.5986499443062816,0.33683283876991116,5,6
0.29927956474045836,0.8038271607424207,4,6
0.5985075037832328,0.8871177838597161,4,6
2.8907621554700285,-0.11568894630194038,3,4
0.6544333780596466,0.8959645045657109,4,6
3.476907511434093,0.006102949281910684,3,4
4.127989905021072,0.2174070986153709,3,4
-0.6680279363127737,0.5429150307345707,5,6
0.604233074811119,-0.6990900087512235,5,4
1.380649739993875,-0.5729862906588057,4,4
4.242963227245359,-1.3809893930489203,3,2
-3.258299865168924,-0.10623926250545608,6,6
-3.2850109856602216,-0.11018328045344679,6,6
-3.008614794486569,-0.03206585890142484,6,6
-3.2655879107081454,-0.10050693144203766,6,6
-3.358430027160886,-0.12027967900347443,6,6
-2.854094780260555,0.012232788248103517,6,6
-1.9527816232200705,1.015924482148463,5,7
-3.1923514427872073,0.7042361183565616,6,7
-3.004344269878128,0.7538836223725007,6,7
-1.1902843487005466,-0.3594637704850783,5,5
-0.43796979080682774,-2.442419328753777,5,2
-1.7042376620147952,0.32768140625818004,5,6
-1.2676794470293429,-1.1349414874406474,5,4
-0.955292463878807,-1.0505165242122017,5,4
-0.7934844041135705,-1.0119502081260912,5,4
2.9834586588134693,0.7550061567435435,3,5
3.489822377937091,0.8770524700198031,3,5
0.8795743327121973,0.9288327025868693,4,6
1.5243203417832265,1.1564975123088075,4,6
2.244958412795376,1.3370577535408013,3,6
-3.3845172461041466,0.6838539471836522,6,7
-3.0347020134298304,0.7720677672857017,6,7
-0.7066958598090975,-0.20439748049065215,5,5
0.6782569083354569,-0.6374184360093582,4,4
1.0099479913663891,-0.5345046160619752,4,4
-3.0369790318024,-0.7912891863618914,6,5
-2.82903677659379,-0.7391025033163814,6,5
-2.4597984689673984,-0.6412123342029228,6,5
-3.717252754406201,0.5851341497647794,6,7
-3.7240287925979687,0.5837293108463594,6,7
-3.552589336713697,0.6367456221972836,6,7
0.8080038175489122,-2.226330628017649,4,2
1.8072356970495698,-1.9468545010185299,4,2
2.03237665170212,-1.9139863029973714,4,2
0.9502043484928387,-0.6172906825288574,4,4
1.025041290373875,-0.5916304428296151,4,4
1.710799600400858,-0.4101369661069427,4,4
2.9877372911728233,-0.09673785435973559,3,4
3.0175830273770723,-0.1077848292910979,3,4
3.6030855792099996,-1.4842447407593795,3,2
0.7988137493981868,-0.6380563278987742,4,4
0.8036607332718199,-0.6169153167605285,4,4
1.6778244490652463,-0.42262299295519196,4,4
1.7616618046461854,-0.36656308030176904,4,4
1.065304487248708,-0.5848767470447842,4,4
1.0382003344816366,-0.5904961027184645,4,4
1.8268099793615444,-0.42170885753798304,4,4
0.7206629385165542,0.8929004090364623,4,6
0.9673323685576364,0.9732522978123184,4,6
2.873051448678634,-0.08923329129575042,3,4
2.8361878493667416,1.43420280146064,3,6
3.7078804319887486,1.6854736926867415,3,6
4.398347826861968,-1.3035786009576475,3,2
0.5717963832919354,0.8831737659117254,4,6
0.534269569272691,0.8982777341808166,4,6
-0.5768451641459711,0.6595986339952177,5,6
-0.521431297217011,0.6755825246830509,5,6
-4.682536022979446,0.39309942511350504,7,7
-4.682536022979446,0.39309942511350504,7,7
-4.682536022979446,0.39309942511350504,7,7
-3.67390758468285,-0.9574652669415753,6,5
-3.6179817104064367,-0.9486185462355805,6,5
-3.637916792705966,-0.9511577252651511,6,5
-4.498799374678807,-0.3432025521444814,7,6
-4.498799374678807,-0.3432025521444814,7,6
-4.498799374678807,-0.3432025521444814,7,6
-2.979852796712758,-0.7391732916564592,6,5
-2.5839033685950685,-0.6373391045950099,6,5
-4.479376299726731,-0.3335262031330723,7,6
-2.832685279943703,0.06852898671032918,6,6
-4.498799374678807,-0.3432025521444814,7,6
-4.440530149822579,-0.31417350511025405,7,6
0.024991387546800754,-0.8441296204418056,5,4
-0.49937750614852405,-0.9602884415802594,5,4
-0.8389876171378112,-1.0415202527748575,5,4
0.699102230839803,-0.6788650838949012,4,4
-0.21926921311691308,-2.4756366535959917,5,2
0.8267959100818554,-2.200704601316873,4,2
-0.6590275226128706,0.5733147036887514,5,6
0.12476721136177402,0.7654710258953251,4,6
-3.5087956439574377,-0.052319107947220125,6,6
-1.5718814527683425,0.40713287838854423,5,6
-0.8309789858445957,0.5274355623196657,5,6
-3.7943729421212113,-0.15169287837037013,6,6
-3.821084062612509,-0.15563689631836072,6,6
-0.3434466724132337,-0.07639863145703249,5,5
-4.498799374678807,-0.3432025521444814,7,6
1.3520617356494953,-0.4523141200573636,4,4
-4.311873580746369,-0.28345573811858876,7,6
-3.7845812632881715,-0.15646652462377517,6,6
0.7678785197014764,0.9586024577028274,4,6
1.4649374988972301,-0.44889501860905084,4,4
-0.36651825071522204,0.7215565095582691,5,6
1.5533265171618023,-0.42042510107296843,4,4
1.8530664635520302,-0.34427164793751147,4,4
1.7219106151188057,-0.3804539460684383,4,4
1.371996817949025,-0.449774941027793,4,4
1.8532428096703513,-0.28672813397439717,4,4
0.6040509488735532,-0.6790283533979671,4,4
0.7911326715831914,-0.6339993345610455,4,4
0.9106859085272287,-0.610282569051618,4,4
-1.3258296968138916,-1.1727830421824026,5,4
-0.913312551671394,-1.0743176624559385,5,4
-3.610739586498246,0.5989040674555283,6,7
-2.505759166185151,0.08521358357646262,6,6
-2.697252679440632,0.0384706009034959,6,6
-2.7993081351717133,-1.5268402977057347,6,4
-1.6558288222603577,-1.2496451755473534,5,4
-1.92419597156458,0.2512735354303146,5,6
-1.393051039677487,0.3688371954871885,5,6
-1.2107295580580224,-1.1403691066983295,5,4
-1.2221235911406683,0.4289906768199513,5,6
-1.0625925497480018,-1.0957999607415316,5,4
-1.4660566383261622,0.3704964520980172,5,6
-0.36657562176186387,0.6552004878876266,5,6
